ACCELEROMETER X (m/s²),ACCELEROMETER Y (m/s²),ACCELEROMETER Z (m/s²),LINEAR ACCELERATION X (m/s²),LINEAR ACCELERATION Y (m/s²),LINEAR ACCELERATION Z (m/s²),Time since start in ms ,YYYY-MO-DD HH-MI-SS_SSS,,,,,,,,,,,,,,,,,,,,,,,,,,,,,
-4.63,-2.406,-3.863,1.229,-4.674,-0.755,8,2017-03-13 23:21:00:723,,,,,,,,,,,,,,,,,,,,,,,,,,0,,,1
2.831,9.055,7.428,10.693,3.449,1.72,507,2017-03-13 23:21:01:222,,,,,,,,,,,,,,,,,,,,,,,,7.02124328,,0,,,0
-9.769,14.873,13.915,-2.224,-10.725,-7.865,1007,2017-03-13 23:21:01:722,,,,,,,,,,,,,,,,,,,,,,,,9.287418879,,1,,,13
2.23,8.4,9.385,1.775,2.611,3.756,1508,2017-03-13 23:21:02:223,,,,,,,,,,,,,,,,,,,,,,,,9.287418879,,0,,,10
1.342,10.113,5.925,-2.748,6.691,5.691,2008,2017-03-13 23:21:02:723,,,,,,,,,,,,,,,,,,,,,,,,9.784824818,,0,,,
-5.96,4.818,-3.662,-2.516,-12.674,-4.004,2507,2017-03-13 23:21:03:222,,,,,,,,,,,11.18527209,9.565287541,7.325592265,,,-0.042203815,-0.007063931,0.26283365,,125.1103117,91.49472575,53.66430204,,,-11.80335,9.79395,1.8494,,
-17.44,14.314,13.284,11.806,0.629,-0.812,3008,2017-03-13 23:21:03:723,,,,,,,,,,,9.784824818,7.46564122,5.523240922,,,-0.424905428,-0.587822086,0.002086746,,95.74279671,55.73579883,30.50619029,,,-4.6197,5.05815,0.02325,,
-2.18,9.185,0.931,-2.244,7.362,13.546,3508,2017-03-13 23:21:04:223,,,,,,,,,,,8.466619071,8.535575203,6.952222826,,,-0.358968983,0.200410566,-0.071730253,,71.68363849,72.85604405,48.33340223,,1.2266,-7.57625,8.41295,2.77265,,
-5.002,0.647,1.851,-2.162,-5.148,-3.466,4008,2017-03-13 23:21:04:723,,,,,,,,,,,8.21650157,7.596890548,5.010045368,,,0.12741376,-0.387995367,-0.674546878,,67.51089805,57.712746,25.10055459,,,-6.1605,8.759,1.6211,,
5.285,8.89,3.416,9.536,-3.445,-3.778,4508,2017-03-13 23:21:05:223,,,,,,,,,,,7.36203968,6.377101858,5.301741604,,,0.438619114,-0.286125592,0.232562211,,54.19962825,40.66742811,28.10846404,,,-4.48145,6.7257,1.7186,,
-10.125,15.689,14.874,-6.787,0.704,2.228,5007,2017-03-13 23:21:05:722,,,,,,,,,,,8.456823103,7.400088168,5.3487725,,,0.162768819,1.022130424,0.305996314,,71.51785699,54.76130489,28.60936726,,,-4.72775,7.9371,1.6298,,
-5.892,-1.557,-2.259,-1.601,-3.601,1.058,5508,2017-03-13 23:21:06:223,,,,,,,,,,,8.184019381,8.422587028,6.240937425,,,0.092584125,-0.179102783,0.108034475,,66.97817323,70.93997225,38.94929995,,,-7.67815,8.21555,2.26555,,
3.617,6.567,1.772,2.788,5.39,-0.104,6008,2017-03-13 23:21:06:723,,,,,,,,,,,9.031611436,9.314091459,4.582476646,,,-0.69854377,-0.066475276,-0.204081161,,81.57000513,86.7522997,20.99909221,,,-6.50335,6.39,0.4343,,
-17.561,12.996,14.206,-1.287,-8.93,-10.776,6508,2017-03-13 23:21:07:223,,,,,,,,,,,9.951132046,9.610171663,6.46548949,,,-0.381657269,0.434150514,-0.145509015,,99.025029,92.3553994,41.80255435,,,-6.796,7.782,2.32295,,
-3.563,0.101,2.42,-8.152,3.489,6.107,7007,2017-03-13 23:21:07:722,,,,,,,,,,,8.845651283,10.25152965,7.039204849,,,-0.153967253,0.116557781,0.571122213,,78.24554663,105.0938601,49.55040491,,,-7.63965,8.72965,1.8397,,
7.316,5.088,5.41,9.962,0.885,-0.547,7508,2017-03-13 23:21:08:223,,,,,,,,,,,7.565593131,7.856690645,6.10964237,,,-0.06670012,-0.29162129,0.43106882,,57.23819943,61.72758789,37.32772989,,,-6.72685,8.33175,2.2039,,
-2.545,-0.347,-4.907,-3.78,-10.205,-3.163,8008,2017-03-13 23:21:08:723,,,,,,,,,,,8.320748725,6.940837651,5.831131455,,,-0.872061772,-0.056528602,0.213594561,,1987205483,2224739473,2523500275,,,-3.58055,6.408,1.5435,,
-9.586,15.831,19.613,8.193,7.901,2.639,8508,2017-03-13 23:21:09:223,,,,,,,,,,,7.125138823,8.028404602,6.263908964,,,0.484769878,0.354769008,0.610999306,,50.76760324,64.45528046,39.23655551,,,-5.2804,7.6138,2.9077,,
7.122,4.468,7.475,0.269,10.946,8.732,9007,2017-03-13 23:21:09:722,,,,,,,,,,,5.959389893,7.319990849,6.426284241,,,-0.115741792,0.257981896,0.392520119,,35.5143279,53.58226603,41.29712914,,,-4.945,6.35865,1.5314,,
-1.968,-2.287,-6.937,1.782,-11.819,-5.653,9508,2017-03-13 23:21:10:223,,,,,,,,,,,7.621147376,6.166775153,4.029852628,,,0.085894231,-0.556250273,0.483797053,,58.08188733,38.02911579,16.2397122,,,-6.51765,8.6249,1.553,,
-23.056,22.417,23.982,14.206,-1.939,1.179,10007,2017-03-13 23:21:10:722,,,,,,,,,,,7.971239309,9.19776011,7.343602864,,,0.059524249,-0.576877301,0.553019847,,63.54065613,84.59879104,53.92850303,,,-5.78315,7.5956,2.31085,,
-6.097,10.018,1.26,-8.076,9.341,12.824,10508,2017-03-13 23:21:11:223,,,,,,,,,,,7.2031846,7.067935912,5.743464716,,,-0.07061522,-0.46689709,0.459383783,,51.88586839,49.95571806,32.98738695,,,-3.80175,7.7462,1.78795,,
-1.925,-5.583,-12.412,2.877,-8.862,-2.847,11008,2017-03-13 23:21:11:723,,,,,,,,,,,6.76006091,7.388818439,4.529931152,,,0.001346879,-0.025321481,0.87983174,,45.69842351,54.59463793,20.52027624,,,-5.2533,8.52165,1.8794,,
6.69,15.815,15.351,11.435,3.066,2.403,11508,2017-03-13 23:21:12:223,,,,,,,,,,,6.543606645,7.208285368,4.270781028,,,0.19711974,-0.157184137,0.639079485,,42.81878793,51.95937795,18.23957059,,,-3.96535,7.06495,0.1751,,
-5.386,9.711,2.37,2.761,-6.558,-9.619,12008,2017-03-13 23:21:12:723,,,,,,,,,,,6.946774512,7.221420444,5.85461573,,,0.208177303,-0.140094436,0.590202025,,48.25767613,52.14891323,34.27652535,,,-4.39485,7.51585,2.06245,,
-7.035,-3.005,-5.648,-0.994,-3.037,8.61,12508,2017-03-13 23:21:13:223,,,,,,,,,,,8.101396381,7.519219185,5.365891602,,,0.247980579,-0.001099727,0.659588715,,65.63262333,56.53865715,28.79279269,,,-6.09585,7.94345,1.92425,,
-23.582,29.583,11.588,7.235,5.493,4.933,13008,2017-03-13 23:21:13:723,,,,,,,,,,,6.522178217,6.485097324,6.270119711,,,0.162752293,-0.006863853,0.627600122,,42.5388087,42.0564873,39.31440119,,,-4.804,8.225,2.08625,,
-12.506,16.419,14.214,3.828,-10.344,-5.807,13508,2017-03-13 23:21:14:223,,,,,,,,,,,9.811242164,7.267327868,5.310726404,,,0.185563462,-0.034219734,0.643559942,,96.26047281,52.81405434,28.20381494,,,-6.8407,9.4726,2.0314,,
-2.402,-1.833,-2.711,-3.395,-2.196,3.649,14007,2017-03-13 23:21:14:722,,,,,,,,,,,6.601681406,7.067464015,6.00344762,,,0.027029616,0.119307749,0.621401234,,43.58219739,49.94904761,36.04138333,,,-4.25525,6.5767,2.63115,,
6.265,7.617,8.898,10.574,3.871,4.646,14508,2017-03-13 23:21:15:223,,,,,,,,,,,,,,,,,,,,,,,,,,,,,
-27.877,15.445,5.227,0.456,-9.491,-4.733,15008,2017-03-13 23:21:15:723,,,,,,,,,,,,,,,,,,,,,,,,,,,,,
-9.571,4.801,-0.976,2.182,14.278,10.124,15507,2017-03-13 23:21:16:222,,,,,,,,,,,5.743421367,6.438730414,5.703842995,,,-0.017372442,0.177274498,0.222479895,,32.986889,41.45724935,32.53382491,,,-4.258,7.29805,1.2647,,
2.691,8.29,-3.594,-3.289,13.395,13.881,16008,2017-03-13 23:21:16:723,,,,,,,,,,,6.527243909,6.915931264,4.111166213,,,0.045882146,0.365535724,0.164167518,,42.60491305,47.83010525,16.90168763,,,-5.61995,8.46505,3.22835,,
-3.862,-5.402,-9.524,1.096,-9.562,-6.443,16507,2017-03-13 23:21:17:222,,,,,,,,,,,7.340427525,6.885176411,5.153228825,,,0.100956607,0.239230713,0.081535028,,53.88187625,47.40565421,26.55576733,,,-3.76805,8.3387,2.26065,,
-12.488,4.164,7.942,13.181,3.047,8.258,17007,2017-03-13 23:21:17:722,,,,,,,,,,,5.547799586,5.532373553,3.793322803,,,0.156325898,0.084558523,0.000262673,,30.77808025,30.60715713,14.38929789,,,-4.1255,7.55135,0.38125,,
-11.666,15.467,4.424,-14.248,10.075,7.479,17507,2017-03-13 23:21:18:222,,,,,,,,,,,4.736271467,7.244867504,5.436539092,,,0.217949632,0.109957793,0.161785733,,22.43226741,52.48810515,29.5559573,,,-5.1383,10.13095,3.263,,
-8.17,-2.08,-3.222,0.327,-3.518,-4.731,18008,2017-03-13 23:21:18:723,,,,,,,,,,,7.257617752,5.924589673,5.510030718,,,0.047546822,0.100072207,0.068586839,,52.67301544,35.10076279,30.36043851,,,-4.7984,9.64525,2.2483,,
-20.936,22.134,12.126,8.268,4.364,6.051,18507,2017-03-13 23:21:19:222,,,,,,,,,,,6.09323846,5.027661172,4.429478994,,,-0.089133728,-0.024535441,-0.044663782,,37.12755493,25.27737686,19.62028416,,,-3.82285,7.3212,2.6748,,
-10.394,14.04,10.161,4.816,-8.569,-4.452,19008,2017-03-13 23:21:19:723,,,,,,,,,,,6.780231641,6.906550465,5.30246823,,,-0.137907494,-0.029299941,0.092615815,,45.9715411,47.70043933,28.11616933,,,-5.599,9.08115,1.74765,,
-4.385,-1.3,-1.64,-10.683,5.371,5.549,19508,2017-03-13 23:21:20:223,,,,,,,,,,,7.39442043,7.629014485,4.87342099,,,-0.244262271,-0.108469982,0.068951852,,54.67745349,58.20186201,23.75023215,,,-4.6411,7.1423,1.21095,,
4.545,8.998,1.427,8.755,3.176,-0.065,20008,2017-03-13 23:21:20:723,,,,,,,,,,,6.149823527,7.112178146,5.087038866,,,-0.123137237,-0.102076216,0.082722006,,37.82032941,50.58307799,25.87796443,,,-5.3963,9.85825,2.94915,,
-26.809,12.735,-0.873,1.033,-1.941,-6.536,20508,2017-03-13 23:21:21:223,,,,,,,,,,,,,,,,,,,,,,,,,,1,,,
-7.312,7.865,2.164,6.619,12.723,6.538,21007,2017-03-13 23:21:21:722,,,,,,,,,,,,,,,,,,,,,,,,,,1,,,
4.304,5.817,7.085,-3.247,12.661,6.954,21508,2017-03-13 23:21:22:223,,,,,,,,,,,,,,,,,,,,,,,,,,0,,,
-0.634,-2.538,-5.184,0.958,-9.325,-6.038,22007,2017-03-13 23:21:22:722,,,,,,,,,,,,,,,,,,,,,,,,,,0,,,
-20.327,17.624,12.663,-3.26,16.303,11.229,22508,2017-03-13 23:21:23:223,,,,,,,,,,,,,,,,,,,,,,,,,,1,,,
-12.474,14.664,-0.014,-5.353,3.281,-3.983,23008,2017-03-13 23:21:23:723,,,,,,,,,,,,,,,,,,,,,,,,,,1,,,
0.644,-7.247,-7.552,-4.728,-0.339,3.059,23508,2017-03-13 23:21:24:223,,,,,,,,,,,,,,,,,,,,,,,,,,0,,,
-20.989,26.718,9.526,11.832,3.803,9.298,24007,2017-03-13 23:21:24:722,,,,,,,,,,,,,,,,,,,,,,,,,,1,,,
-17.15,9.315,-0.018,-7.916,5.112,-5.905,24508,2017-03-13 23:21:25:223,,,,,,,,,,,,,,,,,,,,,,,,,,1,,,
-6.012,-3.301,-6.078,-7.546,19.147,13.587,25008,2017-03-13 23:21:25:723,,,,,,,,,,,,,,,,,,,,,,,,,,1,,,
2.927,9.536,5.4,-3.757,11.509,8.081,25508,2017-03-13 23:21:26:223,,,,,,,,,,,,,,,,,,,,,,,,,,0,,,
-4.969,2.664,-8.809,6.755,-14.306,-4.555,26007,2017-03-13 23:21:26:722,,,,,,,,,,,,,,,,,,,,,,,,,,0,,,
-17.357,9.013,6.066,-14.41,20.975,15.587,26508,2017-03-13 23:21:27:223,,,,,,,,,,,,,,,,,,,,,,,,,,1,,,
-15.051,12.991,-0.747,-4.438,0.497,-8.112,27008,2017-03-13 23:21:27:723,,,,,,,,,,,,,,,,,,,,,,,,,,1,,,
-0.629,-5.947,-10.598,-9.408,-4.778,1.481,27507,2017-03-13 23:21:28:222,,,,,,,,,,,,,,,,,,,,,,,,,,0,,,
-28.376,28.268,4.058,3.499,0.64,9.15,28007,2017-03-13 23:21:28:722,,,,,,,,,,,,,,,,,,,,,,,,,,1,,,
-29.427,11.108,-0.449,-3.224,-10.977,0.458,28507,2017-03-13 23:21:29:222,,,,,,,,,,,,,,,,,,,,,,,,,,1,,,
-26.182,19.419,11.239,-3.479,4.978,-3.636,29008,2017-03-13 23:21:29:723,,,,,,,,,,,,,,,,,,,,,,,,,,1,,,
-14.789,18.177,17.682,-3.303,-2.789,-6.592,29508,2017-03-13 23:21:30:223,,,,,,,,,,,,,,,,,,,,,,,,,,1,,,
-6.383,-7.005,-1.759,-22.586,5.237,10.406,30008,2017-03-13 23:21:30:723,,,,,,,,,,,,,,,,,,,,,,,,,,1,,,
5.695,8.195,3.769,5.292,1.194,8.47,30508,2017-03-13 23:21:31:223,,,,,,,,,,,,,,,,,,,,,,,,,,0,,,
-14.847,9.722,-11.901,-2.828,-10.264,-1.65,31007,2017-03-13 23:21:31:722,,,,,,,,,,,,,,,,,,,,,,,,,,1,,,
-9.594,5.647,-4.253,7.383,3.045,6.87,31509,2017-03-13 23:21:32:224,,,,,,,,,,,,,,,,,,,,,,,,,,1,,,
-9.331,9.192,2.591,-3.725,8.386,8.48,32008,2017-03-13 23:21:32:723,,,,,,,,,,,,,,,,,,,,,,,,,,1,,,
-0.708,-7.117,-10.229,0.158,-12.839,-4.243,32508,2017-03-13 23:21:33:223,,,,,,,,,,,,,,,,,,,,,,,,,,0,,,
9.291,13.401,12.114,11.343,-1.811,2.25,33007,2017-03-13 23:21:33:722,,,,,,,,,,,,,,,,,,,,,,,,,,0,,,
-2.322,10.493,-0.923,-17.701,-0.361,1.652,33507,2017-03-13 23:21:34:222,,,,,,,,,,,,,,,,,,,,,,,,,,0,,,
-1.85,-6.658,-4.436,-2.709,-8.111,-1.94,34007,2017-03-13 23:21:34:722,,,,,,,,,,,,,,,,,,,,,,,,,,0,,,
10.298,10.198,0.684,9.932,0.648,2.962,34507,2017-03-13 23:21:35:222,,,,,,,,,,,,,,,,,,,,,,,,,,0,,,
-11.302,15.052,0.633,3.418,-11.007,-1.059,35008,2017-03-13 23:21:35:723,,,,,,,,,,,,,,,,,,,,,,,,,,1,,,
-4.066,-6.204,-1.011,-12.392,5.269,9.117,35508,2017-03-13 23:21:36:223,,,,,,,,,,,,,,,,,,,,,,,,,,0,,,
9.588,5.825,2.407,10.975,-0.36,8.577,36008,2017-03-13 23:21:36:723,,,,,,,,,,,,,,,,,,,,,,,,,,0,,,
-26.662,13.836,10.382,-6.339,-4.191,0.651,36508,2017-03-13 23:21:37:223,,,,,,,,,,,,,,,,,,,,,,,,,,1,,,
-6.009,-1.933,-0.075,-0.357,9.988,13.98,37008,2017-03-13 23:21:37:723,,,,,,,,,,,,,,,,,,,,,,,,,,1,,,
5.498,6.039,4.088,-4.38,7.037,10.366,37507,2017-03-13 23:21:38:222,,,,,,,,,,,,,,,,,,,,,,,,,,0,,,
-22.862,10.026,1.804,1.702,-13.514,0.482,38007,2017-03-13 23:21:38:722,,,,,,,,,,,,,,,,,,,,,,,,,,1,,,
-9.489,4.714,0.598,-19.733,20.932,16.384,38507,2017-03-13 23:21:39:222,,,,,,,,,,,,,,,,,,,,,,,,,,1,,,
-1.001,11.848,0.295,-15.098,7.401,2.322,39007,2017-03-13 23:21:39:722,,,,,,,,,,,,,,,,,,,,,,,,,,0,,,
-6.338,-4.108,-4.313,2.539,-5.745,1.307,39507,2017-03-13 23:21:40:222,,,,,,,,,,,,,,,,,,,,,,,,,,1,,,
-15.504,9.206,8.378,3.899,4.616,11.897,40008,2017-03-13 23:21:40:723,,,,,,,,,,,,,,,,,,,,,,,,,,1,,,
-8.989,12.223,1.718,-10.093,13.611,13.614,40507,2017-03-13 23:21:41:222,,,,,,,,,,,,,,,,,,,,,,,,,,1,,,
-4.891,-4.811,-5.553,-5.961,5.976,14.541,41007,2017-03-13 23:21:41:722,,,,,,,,,,,,,,,,,,,,,,,,,,0,,,
4.545,14.638,5.274,7.702,-2.23,4.199,41508,2017-03-13 23:21:42:223,,,,,,,,,,,,,,,,,,,,,,,,,,0,,,
-25.556,19.427,14.509,-1.431,-6.852,0.685,42007,2017-03-13 23:21:42:722,,,,,,,,,,,,,,,,,,,,,,,,,,1,,,
-3.937,-1.38,-0.92,-1.375,-0.481,4.852,42508,2017-03-13 23:21:43:223,,,,,,,,,,,,,,,,,,,,,,,,,,0,,,
6.092,6.409,5.428,-2.503,10.464,10.945,43008,2017-03-13 23:21:43:723,,,,,,,,,,,,,,,,,,,,,,,,,,0,,,
-17.265,14.146,11.837,3.25,-12.891,-1.782,43509,2017-03-13 23:21:44:224,,,,,,,,,,,,,,,,,,,,,,,,,,1,,,
-4.803,-0.11,-2.676,-21.806,21.506,17.116,44007,2017-03-13 23:21:44:722,,,,,,,,,,,,,,,,,,,,,,,,,,0,,,
4.53,5.161,-0.157,3.45,7.916,2.941,44508,2017-03-13 23:21:45:223,,,,,,,,,,,,,,,,,,,,,,,,,,0,,,
-1.331,-0.855,-10.284,-0.204,-5.645,-0.855,45008,2017-03-13 23:21:45:723,,,,,,,,,,,,,,,,,,,,,,,,,,0,,,
-8.644,8.012,5.085,8.438,1.845,12.333,45508,2017-03-13 23:21:46:223,,,,,,,,,,,,,,,,,,,,,,,,,,1,,,
0.763,9.073,-1.828,-5.231,9.465,9.879,46009,2017-03-13 23:21:46:724,,,,,,,,,,,,,,,,,,,,,,,,,,0,,,
-8.22,5.827,-1.985,2.578,-10.843,-5.359,46508,2017-03-13 23:21:47:223,,,,,,,,,,,,,,,,,,,,,,,,,,1,,,
-15.627,18.442,10.66,11.519,1.624,9.234,47007,2017-03-13 23:21:47:722,,,,,,,,,,,,,,,,,,,,,,,,,,1,,,
-14.316,16.563,12.252,-4.578,1.879,3.106,47508,2017-03-13 23:21:48:223,,,,,,,,,,,,,,,,,,,,,,,,,,1,,,
-5.71,-3.103,-7.823,-3.661,-0.706,-0.8,48007,2017-03-13 23:21:48:722,,,,,,,,,,,,,,,,,,,,,,,,,,1,,,
-22.035,26.748,9.525,9.982,2.441,4.087,48508,2017-03-13 23:21:49:223,,,,,,,,,,,,,,,,,,,,,,,,,,1,,,
-5.552,15.077,5.692,2.356,-9.794,-2.217,49007,2017-03-13 23:21:49:722,,,,,,,,,,,,,,,,,,,,,,,,,,1,,,
-5.075,-2.434,-3.679,-17.048,20.178,11.992,49509,2017-03-13 23:21:50:224,,,,,,,,,,,,,,,,,,,,,,,,,,1,,,
3.909,6.045,2.283,5.056,7.698,3.177,50007,2017-03-13 23:21:50:722,,,,,,,,,,,,,,,,,,,,,,,,,,0,,,
-17.642,15.213,3.913,2.596,-9.675,-3.684,50508,2017-03-13 23:21:51:223,,,,,,,,,,,,,,,,,,,,,,,,,,1,,,
-11.947,9.232,4.457,11.859,6.272,-0.692,51007,2017-03-13 23:21:51:722,,,,,,,,,,,,,,,,,,,,,,,,,,1,,,
4.657,7.883,5.898,-5.652,11.202,8.142,51508,2017-03-13 23:21:52:223,,,,,,,,,,,,,,,,,,,,,,,,,,0,,,
-3.345,-2.055,-4.964,-0.207,-10.483,-0.812,52008,2017-03-13 23:21:52:723,,,,,,,,,,,,,,,,,,,,,,,,,,0,,,
-19.568,20.866,5.002,-5.056,16.144,11.668,52508,2017-03-13 23:21:53:223,,,,,,,,,,,,,,,,,,,,,,,,,,1,,,
4.173,9.238,-1.18,-4.712,8.763,8.7,53008,2017-03-13 23:21:53:723,,,,,,,,,,,,,,,,,,,,,,,,,,0,,,
-6.746,-1.822,-5.803,-2.883,-3.483,-0.488,53508,2017-03-13 23:21:54:223,,,,,,,,,,,,,,,,,,,,,,,,,,1,,,
-12.839,16.548,9.783,7.663,1.839,6.706,54008,2017-03-13 23:21:54:723,,,,,,,,,,,,,,,,,,,,,,,,,,1,,,
-11.325,14.783,1.647,-12.602,10.759,11.184,54508,2017-03-13 23:21:55:223,,,,,,,,,,,,,,,,,,,,,,,,,,1,,,
-5.954,-3.159,-10.094,-11.532,4.87,8.1,55007,2017-03-13 23:21:55:722,,,,,,,,,,,,,,,,,,,,,,,,,,1,,,
0,19.605,8.502,8.458,6.252,9.516,55508,2017-03-13 23:21:56:223,,,,,,,,,,,,,,,,,,,,,,,,,,0,,,
-12.828,15.986,1.345,-14.309,3.458,1.765,56008,2017-03-13 23:21:56:723,,,,,,,,,,,,,,,,,,,,,,,,,,1,,,
-3.699,-5.759,-4.765,-2.652,-3.502,1.567,56508,2017-03-13 23:21:57:223,,,,,,,,,,,,,,,,,,,,,,,,,,0,,,
6.041,11.967,4.095,-1.003,9.666,4.639,57008,2017-03-13 23:21:57:723,,,,,,,,,,,,,,,,,,,,,,,,,,0,,,
-4.838,13.074,5.42,2.198,-6.905,-0.487,57507,2017-03-13 23:21:58:222,,,,,,,,,,,,,,,,,,,,,,,,,,0,,,
-7.714,1.897,-3.309,-10.241,6.85,9.914,58008,2017-03-13 23:21:58:723,,,,,,,,,,,,,,,,,,,,,,,,,,1,,,
7.299,10.997,3.528,9.242,5.415,5.956,58507,2017-03-13 23:21:59:222,,,,,,,,,,,,,,,,,,,,,,,,,,0,,,
-17.176,10.767,5.037,-1.291,-9.974,-1.964,59007,2017-03-13 23:21:59:722,,,,,,,,,,,,,,,,,,,,,,,,,,1,,,
-13.668,3.874,1.627,-9.009,19.917,16.53,59508,2017-03-13 23:22:00:223,,,,,,,,,,,,,,,,,,,,,,,,,,1,,,
7.828,7.304,4.94,-1.267,9.244,1.233,60008,2017-03-13 23:22:00:723,,,,,,,,,,,,,,,,,,,,,,,,,,0,,,
-3.078,-3.59,-4.527,1.812,-10.066,-0.968,60508,2017-03-13 23:22:01:223,,,,,,,,,,,,,,,,,,,,,,,,,,0,,,
-7.108,3.411,-4.238,-12.307,13.035,12.241,61008,2017-03-13 23:22:01:723,,,,,,,,,,,,,,,,,,,,,,,,,,1,,,
4.926,10.155,5.465,-7.385,10.775,8.856,61508,2017-03-13 23:22:02:223,,,,,,,,,,,,,,,,,,,,,,,,,,0,,,
-0.085,3.457,-2.935,-1.831,-9.284,-2.144,62007,2017-03-13 23:22:02:722,,,,,,,,,,,,,,,,,,,,,,,,,,0,,,
-7.2,7.141,7.552,-2.843,16.625,13.335,62508,2017-03-13 23:22:03:223,,,,,,,,,,,,,,,,,,,,,,,,,,1,,,
-8.47,13.969,2.135,-7.305,5.798,1.281,63008,2017-03-13 23:22:03:723,,,,,,,,,,,,,,,,,,,,,,,,,,1,,,
-5.265,-5.699,-6.994,-4.303,0.025,2.846,63508,2017-03-13 23:22:04:223,,,,,,,,,,,,,,,,,,,,,,,,,,1,,,
-14.163,15.464,14.095,9.471,5.21,9.338,64008,2017-03-13 23:22:04:723,,,,,,,,,,,,,,,,,,,,,,,,,,1,,,
-11.476,15.031,-1.578,-15.888,9.586,3.878,64508,2017-03-13 23:22:05:223,,,,,,,,,,,,,,,,,,,,,,,,,,1,,,
-5.926,-1.864,-4.092,-12.946,16.159,13.003,65008,2017-03-13 23:22:05:723,,,,,,,,,,,,,,,,,,,,,,,,,,1,,,
7.577,11.91,4.662,-1.36,4.006,3.272,65508,2017-03-13 23:22:06:223,,,,,,,,,,,,,,,,,,,,,,,,,,0,,,
-14.315,11.933,3.643,-1.813,-4.238,-5.666,66007,2017-03-13 23:22:06:722,,,,,,,,,,,,,,,,,,,,,,,,,,1,,,
-7.172,0.311,1.768,-5.804,7.715,13.605,66509,2017-03-13 23:22:07:224,,,,,,,,,,,,,,,,,,,,,,,,,,1,,,
6.275,5.625,1.527,10.1,1.905,11.105,67008,2017-03-13 23:22:07:723,,,,,,,,,,,,,,,,,,,,,,,,,,0,,,
-15.14,13.1,6.858,-2.011,-7.179,-4.645,67507,2017-03-13 23:22:08:222,,,,,,,,,,,,,,,,,,,,,,,,,,1,,,
-8.778,6.77,1.89,-5.911,14.541,14.43,68008,2017-03-13 23:22:08:723,,,,,,,,,,,,,,,,,,,,,,,,,,1,,,
6.311,3.554,2.633,0.886,3.069,4.749,68508,2017-03-13 23:22:09:223,,,,,,,,,,,,,,,,,,,,,,,,,,0,,,
-4.11,1.365,-6.008,-2.062,-1.687,-3.562,69007,2017-03-13 23:22:09:722,,,,,,,,,,,,,,,,,,,,,,,,,,0,,,
-10.26,15.167,7.576,10.417,-0.957,3.306,69508,2017-03-13 23:22:10:223,,,,,,,,,,,,,,,,,,,,,,,,,,1,,,
8.998,5.909,4.046,-3.758,11.476,7.31,70007,2017-03-13 23:22:10:722,,,,,,,,,,,,,,,,,,,,,,,,,,0,,,
-4.917,-3.43,-2.779,1.388,-8.199,-1.169,70508,2017-03-13 23:22:11:223,,,,,,,,,,,,,,,,,,,,,,,,,,0,,,
9.19,12.853,9.146,10.699,3.356,1.51,71008,2017-03-13 23:22:11:723,,,,,,,,,,,,,,,,,,,,,,,,,,0,,,
-8.584,11.563,4.192,-3.488,-1.948,-2.896,71508,2017-03-13 23:22:12:223,,,,,,,,,,,,,,,,,,,,,,,,,,1,,,
-7.455,-2.421,-4.829,-3.781,2.445,5.51,72008,2017-03-13 23:22:12:723,,,,,,,,,,,,,,,,,,,,,,,,,,1,,,
2.088,7.279,3.284,10.618,4.738,5.714,72508,2017-03-13 23:22:13:223,,,,,,,,,,,,,,,,,,,,,,,,,,0,,,
-13.988,10.589,-2.705,-2.042,1.106,-1.317,73008,2017-03-13 23:22:13:723,,,,,,,,,,,,,,,,,,,,,,,,,,1,,,
-11.412,9.542,0.476,3.603,11.182,17.371,73507,2017-03-13 23:22:14:222,,,,,,,,,,,,,,,,,,,,,,,,,,1,,,
5.221,6.014,2.888,-3.606,11.003,5.409,74008,2017-03-13 23:22:14:723,,,,,,,,,,,,,,,,,,,,,,,,,,0,,,
-8.765,1.923,-0.805,0.776,-8.611,-5.086,74508,2017-03-13 23:22:15:223,,,,,,,,,,,,,,,,,,,,,,,,,,1,,,
-20.017,25.347,12.877,-1.801,17.846,15.519,75008,2017-03-13 23:22:15:723,,,,,,,,,,,,,,,,,,,,,,,,,,1,,,
3.241,6.316,-1.353,-7.986,4.9,0.985,75507,2017-03-13 23:22:16:222,,,,,,,,,,,,,,,,,,,,,,,,,,0,,,
-4.873,-1.82,-8.399,-2.924,-2.541,3.947,76008,2017-03-13 23:22:16:723,,,,,,,,,,,,,,,,,,,,,,,,,,0,,,
-6.862,26.024,9.822,9.263,1.456,8.024,76508,2017-03-13 23:22:17:223,,,,,,,,,,,,,,,,,,,,,,,,,,1,,,
-17.372,12.053,-2.062,0.544,-12.961,0.109,77008,2017-03-13 23:22:17:723,,,,,,,,,,,,,,,,,,,,,,,,,,1,,,
-8.758,5.851,-1.496,-9.508,13.851,13.158,77507,2017-03-13 23:22:18:222,,,,,,,,,,,,,,,,,,,,,,,,,,1,,,
6.254,6.353,3.259,-2.764,8.6,5.878,78008,2017-03-13 23:22:18:723,,,,,,,,,,,,,,,,,,,,,,,,,,0,,,
-10.083,8.385,-4.665,1.898,-10.665,-1.828,78508,2017-03-13 23:22:19:223,,,,,,,,,,,,,,,,,,,,,,,,,,1,,,
-10.373,4.759,3.927,-7.134,8.183,12.778,79009,2017-03-13 23:22:19:724,,,,,,,,,,,,,,,,,,,,,,,,,,1,,,
3.912,5.653,7.772,-7.042,8.927,10.079,79508,2017-03-13 23:22:20:223,,,,,,,,,,,,,,,,,,,,,,,,,,0,,,
-4.276,-3.41,-1.716,-1.871,-9.396,-5.298,80008,2017-03-13 23:22:20:723,,,,,,,,,,,,,,,,,,,,,,,,,,0,,,
-18.892,19.27,9.016,-0.105,16.399,13.015,80508,2017-03-13 23:22:21:223,,,,,,,,,,,,,,,,,,,,,,,,,,1,,,
-12.845,16.363,4.161,-5.484,12.399,11.688,81008,2017-03-13 23:22:21:723,,,,,,,,,,,,,,,,,,,,,,,,,,1,,,
-4.403,-3.681,-2.478,-3.313,-1.339,0.315,81507,2017-03-13 23:22:22:222,,,,,,,,,,,,,,,,,,,,,,,,,,0,,,
-11.243,24.207,14.023,8.338,4.551,8.962,82008,2017-03-13 23:22:22:723,,,,,,,,,,,,,,,,,,,,,,,,,,1,,,
-17.82,13.468,9.94,-4.283,2.007,0.253,82508,2017-03-13 23:22:23:223,,,,,,,,,,,,,,,,,,,,,,,,,,1,,,
-4.38,-5.488,-2.483,-1.68,-3.916,0.648,83007,2017-03-13 23:22:23:722,,,,,,,,,,,,,,,,,,,,,,,,,,0,,,
8.441,11.266,3.932,-0.133,8.509,3.977,83508,2017-03-13 23:22:24:223,,,,,,,,,,,,,,,,,,,,,,,,,,0,,,
-22.691,16.532,1.629,3.465,-6.469,-2.408,84008,2017-03-13 23:22:24:723,,,,,,,,,,,,,,,,,,,,,,,,,,1,,,
-8.894,1.556,-4.556,-6.775,7.84,13.558,84508,2017-03-13 23:22:25:223,,,,,,,,,,,,,,,,,,,,,,,,,,1,,,
5.605,5.964,2.481,2.305,10.8,9.983,85008,2017-03-13 23:22:25:723,,,,,,,,,,,,,,,,,,,,,,,,,,0,,,
-8.941,1.945,-7.973,0.855,-8.008,-1.799,85509,2017-03-13 23:22:26:224,,,,,,,,,,,,,,,,,,,,,,,,,,1,,,
-13.652,14.017,11.345,-2.482,15.472,10.447,86007,2017-03-13 23:22:26:722,,,,,,,,,,,,,,,,,,,,,,,,,,1,,,
0.553,12.003,7.824,-2.683,7.398,5.847,86507,2017-03-13 23:22:27:222,,,,,,,,,,,,,,,,,,,,,,,,,,0,,,
-2.701,0.844,-4.174,-1.328,-8.342,-3.696,87007,2017-03-13 23:22:27:722,,,,,,,,,,,,,,,,,,,,,,,,,,0,,,
-16.155,12.071,7.201,9.264,3.868,0.821,87507,2017-03-13 23:22:28:222,,,,,,,,,,,,,,,,,,,,,,,,,,1,,,
-4.989,11.491,-0.629,-15.777,10.248,27.724,88007,2017-03-13 23:22:28:722,,,,,,,,,,,,,,,,,,,,,,,,,,0,,,
-2.321,-4.997,-7.855,0.966,-6.92,-2.445,88508,2017-03-13 23:22:29:223,,,,,,,,,,,,,,,,,,,,,,,,,,0,,,
-15.246,11.624,6.461,4.826,13.59,14.436,89008,2017-03-13 23:22:29:723,,,,,,,,,,,,,,,,,,,,,,,,,,1,,,
1.287,9.266,-0.838,-11.834,8.043,6.061,89508,2017-03-13 23:22:30:223,,,,,,,,,,,,,,,,,,,,,,,,,,0,,,
-5.948,-5.594,-5.705,-1.622,-6.836,1.675,90007,2017-03-13 23:22:30:722,,,,,,,,,,,,,,,,,,,,,,,,,,1,,,
-16.028,17.273,4.177,9.178,6.014,5.54,90508,2017-03-13 23:22:31:223,,,,,,,,,,,,,,,,,,,,,,,,,,1,,,
-8.945,12.829,6.07,1.568,-3.42,-4.632,91008,2017-03-13 23:22:31:723,,,,,,,,,,,,,,,,,,,,,,,,,,1,,,
-1.126,-8.095,-2.949,-5.509,1.107,1.069,91508,2017-03-13 23:22:32:223,,,,,,,,,,,,,,,,,,,,,,,,,,0,,,
6.06,9.479,0.707,8.678,3.609,5.383,92008,2017-03-13 23:22:32:723,,,,,,,,,,,,,,,,,,,,,,,,,,0,,,
-8.384,13.83,-0.534,-12.45,7.236,1.63,92508,2017-03-13 23:22:33:223,,,,,,,,,,,,,,,,,,,,,,,,,,1,,,
-6.324,-5.365,-1.358,1.718,-3.23,-0.706,93007,2017-03-13 23:22:33:722,,,,,,,,,,,,,,,,,,,,,,,,,,1,,,
-0.036,15.608,8.359,-6.418,10.26,6.302,93508,2017-03-13 23:22:34:223,,,,,,,,,,,,,,,,,,,,,,,,,,0,,,
-28.51,14.641,0.61,2.696,-9.115,-3.787,94008,2017-03-13 23:22:34:723,,,,,,,,,,,,,,,,,,,,,,,,,,1,,,
-6.928,-3.184,-3.494,-8.383,2.208,7.561,94508,2017-03-13 23:22:35:223,,,,,,,,,,,,,,,,,,,,,,,,,,1,,,
5.06,9.394,4.437,10.53,3.766,8.932,95008,2017-03-13 23:22:35:723,,,,,,,,,,,,,,,,,,,,,,,,,,0,,,
-19.531,9.502,0.091,3.159,-10.502,-0.021,95508,2017-03-13 23:22:36:223,,,,,,,,,,,,,,,,,,,,,,,,,,1,,,
-7.492,-0.63,-1.474,-11.654,17.168,12.546,96007,2017-03-13 23:22:36:722,,,,,,,,,,,,,,,,,,,,,,,,,,1,,,
5.878,4.934,-0.879,-2.178,9.727,3.445,96507,2017-03-13 23:22:37:222,,,,,,,,,,,,,,,,,,,,,,,,,,0,,,
-2.67,-5.446,-10.061,2.072,-9.855,-6.467,97008,2017-03-13 23:22:37:723,,,,,,,,,,,,,,,,,,,,,,,,,,0,,,
-5.88,8.063,0.319,10.228,2.771,8.516,97507,2017-03-13 23:22:38:222,,,,,,,,,,,,,,,,,,,,,,,,,,1,,,
3.914,7.325,3.401,-11.332,11.262,7.464,98008,2017-03-13 23:22:38:723,,,,,,,,,,,,,,,,,,,,,,,,,,0,,,
-1.974,-6.053,-5.123,2.349,-7.677,-0.663,98507,2017-03-13 23:22:39:222,,,,,,,,,,,,,,,,,,,,,,,,,,0,,,
-20.622,24.834,4.015,10.28,2.582,10.584,99007,2017-03-13 23:22:39:722,,,,,,,,,,,,,,,,,,,,,,,,,,1,,,
-10.581,14.455,8.077,-4.021,-2.027,-0.728,99508,2017-03-13 23:22:40:223,,,,,,,,,,,,,,,,,,,,,,,,,,1,,,
-4.35,-7.278,-8.089,-4.702,-2.221,3.188,100007,2017-03-13 23:22:40:722,,,,,,,,,,,,,,,,,,,,,,,,,,0,,,
-18.169,27.87,14.041,10.217,3.139,7.599,100508,2017-03-13 23:22:41:223,,,,,,,,,,,,,,,,,,,,,,,,,,1,,,
-9.014,15.177,4.885,-20.976,15.314,6.702,101007,2017-03-13 23:22:41:722,,,,,,,,,,,,,,,,,,,,,,,,,,1,,,
-4.467,-6.718,-2.824,-12.65,13.582,4.959,101507,2017-03-13 23:22:42:222,,,,,,,,,,,,,,,,,,,,,,,,,,0,,,
6.966,8.958,2.639,10.027,3.127,2.909,102008,2017-03-13 23:22:42:723,,,,,,,,,,,,,,,,,,,,,,,,,,0,,,
-8.223,13.707,8.225,-1.519,-2.377,-4.889,102508,2017-03-13 23:22:43:223,,,,,,,,,,,,,,,,,,,,,,,,,,1,,,
-4.971,0.616,-2.237,-1.702,-3.186,1.67,103008,2017-03-13 23:22:43:723,,,,,,,,,,,,,,,,,,,,,,,,,,0,,,
4.201,4.766,7.05,-1.886,8.373,3.011,103508,2017-03-13 23:22:44:223,,,,,,,,,,,,,,,,,,,,,,,,,,0,,,
-21.978,8.068,2.083,2.446,-13.751,-9.259,104008,2017-03-13 23:22:44:723,,,,,,,,,,,,,,,,,,,,,,,,,,1,,,
-4.186,0.837,-3.13,-9.092,5.293,3.395,104507,2017-03-13 23:22:45:222,,,,,,,,,,,,,,,,,,,,,,,,,,0,,,
4.866,5.721,9.54,7.455,4.696,0.433,105007,2017-03-13 23:22:45:722,,,,,,,,,,,,,,,,,,,,,,,,,,0,,,
-25.454,15.017,5.191,-2.188,-7.957,-1.896,105508,2017-03-13 23:22:46:223,,,,,,,,,,,,,,,,,,,,,,,,,,1,,,
-3.723,1.983,-3.163,0.809,16.34,7.864,106008,2017-03-13 23:22:46:723,,,,,,,,,,,,,,,,,,,,,,,,,,0,,,
7.969,5.11,7.927,-5.264,11.137,6.643,106508,2017-03-13 23:22:47:223,,,,,,,,,,,,,,,,,,,,,,,,,,0,,,
-6.238,-4.876,-5.277,2.097,-10.048,-4.381,107008,2017-03-13 23:22:47:723,,,,,,,,,,,,,,,,,,,,,,,,,,1,,,
-20.612,16.642,5.597,7.208,5.241,6.582,107507,2017-03-13 23:22:48:222,,,,,,,,,,,,,,,,,,,,,,,,,,1,,,
4.878,6.144,-2.204,-4.166,7.412,13.842,108008,2017-03-13 23:22:48:723,,,,,,,,,,,,,,,,,,,,,,,,,,0,,,
-2.743,0.999,-9.911,-1.731,-7.721,-0.708,108508,2017-03-13 23:22:49:223,,,,,,,,,,,,,,,,,,,,,,,,,,0,,,
-21.68,26.361,11.462,5.37,11.674,12.591,109007,2017-03-13 23:22:49:722,,,,,,,,,,,,,,,,,,,,,,,,,,1,,,
-8.992,16.536,4.654,-3.321,2.924,-0.332,109508,2017-03-13 23:22:50:223,,,,,,,,,,,,,,,,,,,,,,,,,,1,,,
-0.76,-6.195,-6.028,1.458,-2.133,8.055,110007,2017-03-13 23:22:50:722,,,,,,,,,,,,,,,,,,,,,,,,,,0,,,
-8.659,25.952,14.291,8.539,1.005,4.724,110508,2017-03-13 23:22:51:223,,,,,,,,,,,,,,,,,,,,,,,,,,1,,,
-19.046,19.492,10.818,-11.227,7.154,6.144,111008,2017-03-13 23:22:51:723,,,,,,,,,,,,,,,,,,,,,,,,,,1,,,
-8.971,-1.837,-4.892,-13.655,18.497,12.599,111508,2017-03-13 23:22:52:223,,,,,,,,,,,,,,,,,,,,,,,,,,1,,,
4.635,5.135,4.92,-3.414,1.481,4.78,112008,2017-03-13 23:22:52:723,,,,,,,,,,,,,,,,,,,,,,,,,,0,,,
-24.766,17.328,-3.679,-1.253,-13.119,3.62,112508,2017-03-13 23:22:53:223,,,,,,,,,,,,,,,,,,,,,,,,,,1,,,
-6.957,0.843,-0.528,-17.283,16.945,6.157,113007,2017-03-13 23:22:53:722,,,,,,,,,,,,,,,,,,,,,,,,,,1,,,
6.016,5.238,0.428,-20.131,6.777,6.452,113508,2017-03-13 23:22:54:223,,,,,,,,,,,,,,,,,,,,,,,,,,0,,,
-7.844,-1.867,-6.171,-5.457,-8.985,1.784,114008,2017-03-13 23:22:54:723,,,,,,,,,,,,,,,,,,,,,,,,,,1,,,
-19.509,22.946,8.8,0.931,8.346,0.501,114508,2017-03-13 23:22:55:223,,,,,,,,,,,,,,,,,,,,,,,,,,1,,,
-8.717,11.647,-0.227,-5.735,6.155,8.417,115007,2017-03-13 23:22:55:722,,,,,,,,,,,,,,,,,,,,,,,,,,1,,,
-10.472,-0.36,-4.272,-6.988,-3.077,4.634,115508,2017-03-13 23:22:56:223,,,,,,,,,,,,,,,,,,,,,,,,,,1,,,
-14.433,18.05,15.793,8.353,-2.163,2.477,116008,2017-03-13 23:22:56:723,,,,,,,,,,,,,,,,,,,,,,,,,,1,,,
-8.381,15.939,4.946,-18.296,9.611,4.318,116509,2017-03-13 23:22:57:224,,,,,,,,,,,,,,,,,,,,,,,,,,1,,,
-4.197,-2.026,-1.694,-3.989,-6.039,1.422,117008,2017-03-13 23:22:57:723,,,,,,,,,,,,,,,,,,,,,,,,,,0,,,
3.14,23.166,10.691,1.201,5.502,-0.049,117508,2017-03-13 23:22:58:223,,,,,,,,,,,,,,,,,,,,,,,,,,0,,,
-21.485,16.481,5.984,-1.683,-11.916,-3.495,118008,2017-03-13 23:22:58:723,,,,,,,,,,,,,,,,,,,,,,,,,,1,,,
-6.661,6.343,-5.285,-7.192,13.936,20.122,118508,2017-03-13 23:22:59:223,,,,,,,,,,,,,,,,,,,,,,,,,,1,,,
6.884,5.338,-0.005,6.467,1.854,3.196,119007,2017-03-13 23:22:59:722,,,,,,,,,,,,,,,,,,,,,,,,,,0,,,
-2.61,-7.02,-7.096,-1.587,-9.715,0.701,119508,2017-03-13 23:23:00:223,,,,,,,,,,,,,,,,,,,,,,,,,,0,,,
-15.564,20.526,10.464,8.882,1.246,1.393,120007,2017-03-13 23:23:00:722,,,,,,,,,,,,,,,,,,,,,,,,,,1,,,
-9.715,15.719,4.223,-7.889,9.819,11.505,120508,2017-03-13 23:23:01:223,,,,,,,,,,,,,,,,,,,,,,,,,,1,,,
-6.537,-1.715,-3.479,-0.63,-6.723,-0.166,121008,2017-03-13 23:23:01:723,,,,,,,,,,,,,,,,,,,,,,,,,,1,,,
5.764,9.685,4.102,5.707,1.824,3.902,121508,2017-03-13 23:23:02:223,,,,,,,,,,,,,,,,,,,,,,,,,,0,,,
-10.423,17.333,12.714,3.435,-10.215,-1.77,122008,2017-03-13 23:23:02:723,,,,,,,,,,,,,,,,,,,,,,,,,,1,,,
-4.791,-1.508,-3.157,-6.214,2.064,6.571,122508,2017-03-13 23:23:03:223,,,,,,,,,,,,,,,,,,,,,,,,,,0,,,
3.586,5.334,0.392,9.426,1.386,-0.555,123008,2017-03-13 23:23:03:723,,,,,,,,,,,,,,,,,,,,,,,,,,0,,,
-21.065,15.703,6.288,0.137,-12.084,-3.057,123508,2017-03-13 23:23:04:223,,,,,,,,,,,,,,,,,,,,,,,,,,1,,,
-7.881,4.4,1.422,2.789,11.406,9.062,124008,2017-03-13 23:23:04:723,,,,,,,,,,,,,,,,,,,,,,,,,,1,,,
2.1,6.112,-2.161,-3.135,8.829,11.77,124507,2017-03-13 23:23:05:222,,,,,,,,,,,,,,,,,,,,,,,,,,0,,,
-4.06,-6.134,-7.412,-1.712,-9.991,-2.93,125007,2017-03-13 23:23:05:722,,,,,,,,,,,,,,,,,,,,,,,,,,0,,,
-5.263,21.076,14.134,11.15,-2.109,2.214,125508,2017-03-13 23:23:06:223,,,,,,,,,,,,,,,,,,,,,,,,,,1,,,
-14.979,11.908,7.802,-6.227,3.359,-0.343,126007,2017-03-13 23:23:06:722,,,,,,,,,,,,,,,,,,,,,,,,,,1,,,
-1.73,-5.994,-5.384,-4.938,-0.851,3.685,126508,2017-03-13 23:23:07:223,,,,,,,,,,,,,,,,,,,,,,,,,,0,,,
4.639,8.961,5.014,9.075,0.14,7.664,127008,2017-03-13 23:23:07:723,,,,,,,,,,,,,,,,,,,,,,,,,,0,,,
-13.718,12.69,-2.221,-0.468,-7.509,-1.548,127508,2017-03-13 23:23:08:223,,,,,,,,,,,,,,,,,,,,,,,,,,1,,,
-7.494,2.298,-1.604,-11.306,14.418,12.678,128008,2017-03-13 23:23:08:723,,,,,,,,,,,,,,,,,,,,,,,,,,1,,,
1.027,9.341,-2.531,-0.233,6.454,3.87,128508,2017-03-13 23:23:09:223,,,,,,,,,,,,,,,,,,,,,,,,,,0,,,
-18.678,12.846,-3.216,1.231,-10.996,0.252,129008,2017-03-13 23:23:09:723,,,,,,,,,,,,,,,,,,,,,,,,,,1,,,
-9.755,8.054,8.688,6.85,0.831,2.109,129507,2017-03-13 23:23:10:222,,,,,,,,,,,,,,,,,,,,,,,,,,1,,,
-2.736,6.378,-3.826,-17.57,11.075,-0.767,130008,2017-03-13 23:23:10:723,,,,,,,,,,,,,,,,,,,,,,,,,,0,,,
-4.6,-5.881,-4.239,-2.734,-5.618,-1.95,130507,2017-03-13 23:23:11:222,,,,,,,,,,,,,,,,,,,,,,,,,,0,,,
7.356,7.651,0.787,7.093,0.533,4.946,131007,2017-03-13 23:23:11:722,,,,,,,,,,,,,,,,,,,,,,,,,,0,,,
-10.601,15.791,10.282,3.573,-10.281,-4.587,131507,2017-03-13 23:23:12:222,,,,,,,,,,,,,,,,,,,,,,,,,,1,,,
-4.769,-4.437,-2.843,-8.07,10.407,10.791,132008,2017-03-13 23:23:12:723,,,,,,,,,,,,,,,,,,,,,,,,,,0,,,
8.074,9.906,4.849,9.089,0.55,4.92,132508,2017-03-13 23:23:13:223,,,,,,,,,,,,,,,,,,,,,,,,,,0,,,
-13.966,12.58,7.404,-4.178,-1.29,-2.658,133007,2017-03-13 23:23:13:722,,,,,,,,,,,,,,,,,,,,,,,,,,1,,,
-6.616,1.779,-3.026,4.596,8.745,11.2,133508,2017-03-13 23:23:14:223,,,,,,,,,,,,,,,,,,,,,,,,,,1,,,
6.851,5.742,5.825,-2.527,7.341,4.857,134009,2017-03-13 23:23:14:724,,,,,,,,,,,,,,,,,,,,,,,,,,0,,,
-0.499,-3.19,-8.912,-0.598,-9.733,-3.071,134508,2017-03-13 23:23:15:223,,,,,,,,,,,,,,,,,,,,,,,,,,0,,,
-9.484,6.872,6.67,-0.828,13.723,12.392,135008,2017-03-13 23:23:15:723,,,,,,,,,,,,,,,,,,,,,,,,,,1,,,
1.138,5.452,-1.539,-6.512,5.445,1.842,135508,2017-03-13 23:23:16:223,,,,,,,,,,,,,,,,,,,,,,,,,,0,,,
-5.466,-3.664,-6.148,-0.302,-2.712,0.927,136007,2017-03-13 23:23:16:722,,,,,,,,,,,,,,,,,,,,,,,,,,1,,,
1.747,19.038,4.678,8.592,0.161,4.988,136508,2017-03-13 23:23:17:223,,,,,,,,,,,,,,,,,,,,,,,,,,0,,,
-6.733,14.614,10.364,-5.402,9.556,10.799,137007,2017-03-13 23:23:17:722,,,,,,,,,,,,,,,,,,,,,,,,,,1,,,
-6.115,4.907,-1.721,-4.589,9.881,11.572,137508,2017-03-13 23:23:18:223,,,,,,,,,,,,,,,,,,,,,,,,,,1,,,
4.95,6.372,2.688,2.124,5.363,1.593,138008,2017-03-13 23:23:18:723,,,,,,,,,,,,,,,,,,,,,,,,,,0,,,
-27.149,16.794,12.203,1.604,-9.926,-6.698,138508,2017-03-13 23:23:19:223,,,,,,,,,,,,,,,,,,,,,,,,,,1,,,
-8.535,5.236,-0.025,-5.803,7.48,9.513,139007,2017-03-13 23:23:19:722,,,,,,,,,,,,,,,,,,,,,,,,,,1,,,
5.542,6.22,-2.601,-5.247,9.573,9.614,139508,2017-03-13 23:23:20:223,,,,,,,,,,,,,,,,,,,,,,,,,,0,,,
-5.525,-2.86,-1.691,-0.659,-7.742,-4.941,140008,2017-03-13 23:23:20:723,,,,,,,,,,,,,,,,,,,,,,,,,,1,,,
-16.184,19.615,9.194,5.158,9.386,8.369,140508,2017-03-13 23:23:21:223,,,,,,,,,,,,,,,,,,,,,,,,,,1,,,
1.498,5.836,0.554,0.383,7.816,4.493,141008,2017-03-13 23:23:21:723,,,,,,,,,,,,,,,,,,,,,,,,,,0,,,
-3.857,-0.454,-5.496,0.198,-1.826,2.887,141509,2017-03-13 23:23:22:224,,,,,,,,,,,,,,,,,,,,,,,,,,0,,,
-15.209,23.205,11.805,10.997,-0.986,4.19,142008,2017-03-13 23:23:22:723,,,,,,,,,,,,,,,,,,,,,,,,,,1,,,
-4.313,14.967,5.733,-8.503,5.764,2.015,142508,2017-03-13 23:23:23:223,,,,,,,,,,,,,,,,,,,,,,,,,,0,,,
-4.043,-0.87,-3.704,-1.438,-2.764,0.323,143008,2017-03-13 23:23:23:723,,,,,,,,,,,,,,,,,,,,,,,,,,0,,,
3.859,5.156,3.078,-0.367,9.635,2.2,143508,2017-03-13 23:23:24:223,,,,,,,,,,,,,,,,,,,,,,,,,,0,,,
-10.456,15.109,13.286,1.267,-10.981,-5.307,144008,2017-03-13 23:23:24:723,,,,,,,,,,,,,,,,,,,,,,,,,,1,,,
-4.989,1.719,-3.233,-9.224,15.547,17.636,144507,2017-03-13 23:23:25:222,,,,,,,,,,,,,,,,,,,,,,,,,,0,,,
4.354,5.497,8.197,-1.205,7.448,-1.188,145008,2017-03-13 23:23:25:723,,,,,,,,,,,,,,,,,,,,,,,,,,0,,,
-7.881,3.074,-2.33,-0.305,-4.822,-5.76,145508,2017-03-13 23:23:26:223,,,,,,,,,,,,,,,,,,,,,,,,,,1,,,
-15.011,19.165,11.278,13.182,2.655,5.715,146008,2017-03-13 23:23:26:723,,,,,,,,,,,,,,,,,,,,,,,,,,1,,,
-9.313,14.668,1.323,0.849,10.064,6.949,146507,2017-03-13 23:23:27:222,,,,,,,,,,,,,,,,,,,,,,,,,,1,,,
-6.748,-2.169,-2.724,0.229,-6.967,-2.843,147008,2017-03-13 23:23:27:723,,,,,,,,,,,,,,,,,,,,,,,,,,1,,,
11.385,6.557,2.272,11.214,1.985,0.618,147508,2017-03-13 23:23:28:223,,,,,,,,,,,,,,,,,,,,,,,,,,0,,,
-13.394,14.84,15.101,-3.089,1.17,-2.765,148007,2017-03-13 23:23:28:722,,,,,,,,,,,,,,,,,,,,,,,,,,1,,,
-4.842,-4.225,-1.668,1.248,0.461,0.704,148508,2017-03-13 23:23:29:223,,,,,,,,,,,,,,,,,,,,,,,,,,0,,,
3.22,5.732,0.104,11.95,-0.674,3.402,149008,2017-03-13 23:23:29:723,,,,,,,,,,,,,,,,,,,,,,,,,,0,,,
-8.159,7.714,-2.925,-1.206,-10.763,-5.164,149508,2017-03-13 23:23:30:223,,,,,,,,,,,,,,,,,,,,,,,,,,1,,,
-9.416,4.213,2.419,7.763,11.104,6.361,150008,2017-03-13 23:23:30:723,,,,,,,,,,,,,,,,,,,,,,,,,,1,,,
7.634,4.417,3.753,0.255,7.982,5.025,150509,2017-03-13 23:23:31:224,,,,,,,,,,,,,,,,,,,,,,,,,,0,,,
-3.242,-3.914,-5.317,-2.86,-8.942,-6.576,151008,2017-03-13 23:23:31:723,,,,,,,,,,,,,,,,,,,,,,,,,,0,,,
-7.781,9.486,6.37,8.352,1.929,2.633,151507,2017-03-13 23:23:32:222,,,,,,,,,,,,,,,,,,,,,,,,,,1,,,
0.08,8.28,2.711,-7.199,4.111,5.968,152008,2017-03-13 23:23:32:723,,,,,,,,,,,,,,,,,,,,,,,,,,0,,,
-2.692,-2.252,-5.76,0.495,-6.724,-2.735,152508,2017-03-13 23:23:33:223,,,,,,,,,,,,,,,,,,,,,,,,,,0,,,
1.353,20.162,9.58,10.228,4.155,0.023,153007,2017-03-13 23:23:33:722,,,,,,,,,,,,,,,,,,,,,,,,,,0,,,
-6.647,15.122,5.749,0.086,-5.286,-4.887,153508,2017-03-13 23:23:34:223,,,,,,,,,,,,,,,,,,,,,,,,,,1,,,
-5.155,-0.009,-7.59,-5.41,0.434,11.23,154008,2017-03-13 23:23:34:723,,,,,,,,,,,,,,,,,,,,,,,,,,1,,,
0.717,7.191,2.567,12.223,0.55,3.028,154507,2017-03-13 23:23:35:222,,,,,,,,,,,,,,,,,,,,,,,,,,0,,,
-15.43,13.019,7.915,-2.598,-1.407,3.659,155007,2017-03-13 23:23:35:722,,,,,,,,,,,,,,,,,,,,,,,,,,1,,,
-2.993,0.301,-2.12,-4.169,15.164,12.321,155508,2017-03-13 23:23:36:223,,,,,,,,,,,,,,,,,,,,,,,,,,0,,,
3.051,4.295,-2.357,-0.198,10.029,4.477,156007,2017-03-13 23:23:36:722,,,,,,,,,,,,,,,,,,,,,,,,,,0,,,
-5.914,-1.7,-4.677,-1.129,-8.776,-0.007,156508,2017-03-13 23:23:37:223,,,,,,,,,,,,,,,,,,,,,,,,,,1,,,
-13.704,13.228,12.909,-6.235,20.216,12.534,157008,2017-03-13 23:23:37:723,,,,,,,,,,,,,,,,,,,,,,,,,,1,,,
-4.887,9.863,-0.716,-9.639,4.995,3.319,157508,2017-03-13 23:23:38:223,,,,,,,,,,,,,,,,,,,,,,,,,,0,,,
-7.339,-3.383,-6.707,-3.263,-2.631,2.04,158007,2017-03-13 23:23:38:722,,,,,,,,,,,,,,,,,,,,,,,,,,1,,,
-1.85,18.834,14.509,10.361,2.115,3.761,158508,2017-03-13 23:23:39:223,,,,,,,,,,,,,,,,,,,,,,,,,,0,,,
-16.587,11.998,2.811,-13.972,8.667,5.204,159008,2017-03-13 23:23:39:723,,,,,,,,,,,,,,,,,,,,,,,,,,1,,,
-8.098,-1.978,-5.421,-8.204,13.418,10.742,159508,2017-03-13 23:23:40:223,,,,,,,,,,,,,,,,,,,,,,,,,,1,,,
4.567,6.436,1.323,10.614,1.138,7.618,160008,2017-03-13 23:23:40:723,,,,,,,,,,,,,,,,,,,,,,,,,,0,,,
-12.358,12.548,-0.104,0.479,-9.869,-4.656,160507,2017-03-13 23:23:41:222,,,,,,,,,,,,,,,,,,,,,,,,,,1,,,
-5.568,8.208,7.171,-4.387,18.929,11.586,161008,2017-03-13 23:23:41:723,,,,,,,,,,,,,,,,,,,,,,,,,,1,,,
1.944,7.396,-2.178,-0.666,10.073,6.366,161507,2017-03-13 23:23:42:222,,,,,,,,,,,,,,,,,,,,,,,,,,0,,,
-3.486,5.2,-1.159,0.866,-7.171,-3.483,162008,2017-03-13 23:23:42:723,,,,,,,,,,,,,,,,,,,,,,,,,,0,,,
-12.356,17.736,7.34,9.311,0.96,9.842,162507,2017-03-13 23:23:43:222,,,,,,,,,,,,,,,,,,,,,,,,,,1,,,
-8.457,14.114,0.797,-9.239,7.176,5.33,163007,2017-03-13 23:23:43:722,,,,,,,,,,,,,,,,,,,,,,,,,,1,,,
-4.413,-0.124,-3.972,0.103,-6.194,-0.634,163507,2017-03-13 23:23:44:222,,,,,,,,,,,,,,,,,,,,,,,,,,0,,,
-20.296,14.014,2.869,10.674,2.1,6.21,164007,2017-03-13 23:23:44:722,,,,,,,,,,,,,,,,,,,,,,,,,,1,,,
-8.159,13.46,0.506,1.759,-5.45,-4.055,164507,2017-03-13 23:23:45:222,,,,,,,,,,,,,,,,,,,,,,,,,,1,,,
-6.675,-2.917,-3.093,-6.68,1.955,10.125,165008,2017-03-13 23:23:45:723,,,,,,,,,,,,,,,,,,,,,,,,,,1,,,
6.333,17.082,8.791,9.972,0.287,5.664,165508,2017-03-13 23:23:46:223,,,,,,,,,,,,,,,,,,,,,,,,,,0,,,
-6.886,13.598,7.973,-7.755,5.415,0.104,166008,2017-03-13 23:23:46:723,,,,,,,,,,,,,,,,,,,,,,,,,,1,,,
-7.387,-4.548,-1.699,-3.198,16.11,8.778,166507,2017-03-13 23:23:47:222,,,,,,,,,,,,,,,,,,,,,,,,,,1,,,
4.213,5.971,1.829,-0.295,7.512,3.143,167008,2017-03-13 23:23:47:723,,,,,,,,,,,,,,,,,,,,,,,,,,0,,,
-20.086,15.131,-2.954,0.39,-7.545,-2.113,167508,2017-03-13 23:23:48:223,,,,,,,,,,,,,,,,,,,,,,,,,,1,,,
-10.707,4.2,-0.474,-9.202,10.635,9.887,168008,2017-03-13 23:23:48:723,,,,,,,,,,,,,,,,,,,,,,,,,,1,,,
4.774,5.768,6.245,-6.31,9.694,8.01,168508,2017-03-13 23:23:49:223,,,,,,,,,,,,,,,,,,,,,,,,,,0,,,
-11.682,8.425,-2.862,-0.701,-6.412,-2.466,169008,2017-03-13 23:23:49:723,,,,,,,,,,,,,,,,,,,,,,,,,,1,,,
-13.668,10.8,4.711,9.987,6.061,7.4,169507,2017-03-13 23:23:50:222,,,,,,,,,,,,,,,,,,,,,,,,,,1,,,
2.985,7.17,-1.303,-2.223,10.696,5.2,170008,2017-03-13 23:23:50:723,,,,,,,,,,,,,,,,,,,,,,,,,,0,,,
-5.126,-4.957,-5.281,-4.904,-0.116,4.113,170508,2017-03-13 23:23:51:223,,,,,,,,,,,,,,,,,,,,,,,,,,1,,,
-18.585,25.553,13.836,8.976,-0.451,5.587,171009,2017-03-13 23:23:51:724,,,,,,,,,,,,,,,,,,,,,,,,,,1,,,
-11.852,16.921,7.174,-8.525,4.651,1.867,171507,2017-03-13 23:23:52:222,,,,,,,,,,,,,,,,,,,,,,,,,,1,,,
-4.102,-3.275,-4.674,-0.739,-3.205,-0.564,172008,2017-03-13 23:23:52:723,,,,,,,,,,,,,,,,,,,,,,,,,,0,,,
10.618,6.356,12.634,-2.211,7.416,3.046,172508,2017-03-13 23:23:53:223,,,,,,,,,,,,,,,,,,,,,,,,,,0,,,
-22.407,14.845,2.011,2.962,-10.054,-3.368,173008,2017-03-13 23:23:53:723,,,,,,,,,,,,,,,,,,,,,,,,,,1,,,
-5.728,-3.466,-3.104,-12.44,10.965,11.966,173508,2017-03-13 23:23:54:223,,,,,,,,,,,,,,,,,,,,,,,,,,1,,,
2.826,4.942,3.576,8.371,2.437,6.033,174009,2017-03-13 23:23:54:724,,,,,,,,,,,,,,,,,,,,,,,,,,0,,,
-10.793,7.431,-5.057,-1.253,-7.416,-0.141,174508,2017-03-13 23:23:55:223,,,,,,,,,,,,,,,,,,,,,,,,,,1,,,
-8.793,4.327,-3.248,8.036,6.314,8.816,175008,2017-03-13 23:23:55:723,,,,,,,,,,,,,,,,,,,,,,,,,,1,,,
7.697,4.556,5.245,-1.364,9.797,9.108,175508,2017-03-13 23:23:56:223,,,,,,,,,,,,,,,,,,,,,,,,,,0,,,
-3.124,-2.884,-5.019,-2.375,-6.995,-3.983,176008,2017-03-13 23:23:56:723,,,,,,,,,,,,,,,,,,,,,,,,,,0,,,
-12.048,16.725,14.417,11.001,1.013,6.942,176508,2017-03-13 23:23:57:223,,,,,,,,,,,,,,,,,,,,,,,,,,1,,,
-7.215,17.914,9.909,-6.684,7.115,2.911,177008,2017-03-13 23:23:57:723,,,,,,,,,,,,,,,,,,,,,,,,,,1,,,
-6.009,-4.145,-5.283,-1.432,-6.21,-3.317,177508,2017-03-13 23:23:58:223,,,,,,,,,,,,,,,,,,,,,,,,,,1,,,
-14.11,23.686,14.201,9.729,2.625,4.425,178007,2017-03-13 23:23:58:722,,,,,,,,,,,,,,,,,,,,,,,,,,1,,,
-5.292,13.519,5.29,-7.206,10.211,11.069,178507,2017-03-13 23:23:59:222,,,,,,,,,,,,,,,,,,,,,,,,,,1,,,
-4.791,-0.873,-6.905,-10.35,4.534,10.04,179008,2017-03-13 23:23:59:723,,,,,,,,,,,,,,,,,,,,,,,,,,0,,,
0.186,7.567,-2.202,10.497,2.025,1.719,179507,2017-03-13 23:24:00:222,,,,,,,,,,,,,,,,,,,,,,,,,,0,,,
-4.306,14.18,9.298,-5.554,3.998,-4.325,180008,2017-03-13 23:24:00:723,,,,,,,,,,,,,,,,,,,,,,,,,,0,,,
-7.276,1.672,-6.254,-0.244,14.554,16.076,180508,2017-03-13 23:24:01:223,,,,,,,,,,,,,,,,,,,,,,,,,,1,,,
8.342,2.339,-1.951,-7.947,12.135,12.834,181008,2017-03-13 23:24:01:723,,,,,,,,,,,,,,,,,,,,,,,,,,0,,,
-21.785,17.075,4.744,0.71,-9.277,-1.792,181508,2017-03-13 23:24:02:223,,,,,,,,,,,,,,,,,,,,,,,,,,1,,,
-6.839,9.196,2.143,-5.887,14.307,13.015,182008,2017-03-13 23:24:02:723,,,,,,,,,,,,,,,,,,,,,,,,,,1,,,
0.842,6.755,-4.107,-6.527,8.948,17.524,182507,2017-03-13 23:24:03:222,,,,,,,,,,,,,,,,,,,,,,,,,,0,,,
-3.483,-2.526,-4.389,-0.279,-5.457,-1.519,183008,2017-03-13 23:24:03:723,,,,,,,,,,,,,,,,,,,,,,,,,,0,,,
-12.141,21.75,8.084,8.194,2.957,4.78,183508,2017-03-13 23:24:04:223,,,,,,,,,,,,,,,,,,,,,,,,,,1,,,
0.547,5.4,-2.598,-8.467,10.009,6.216,184008,2017-03-13 23:24:04:723,,,,,,,,,,,,,,,,,,,,,,,,,,0,,,
-5.339,-5.111,-4.654,-4.221,6.77,8.002,184508,2017-03-13 23:24:05:223,,,,,,,,,,,,,,,,,,,,,,,,,,1,,,
2.84,14.145,9.215,13.474,2.933,2.022,185009,2017-03-13 23:24:05:724,,,,,,,,,,,,,,,,,,,,,,,,,,0,,,
-8.159,14.821,3.295,-4.288,3.138,-3.654,185508,2017-03-13 23:24:06:223,,,,,,,,,,,,,,,,,,,,,,,,,,1,,,
-5.387,-1.605,0.349,0.081,-0.758,2.515,186008,2017-03-13 23:24:06:723,,,,,,,,,,,,,,,,,,,,,,,,,,1,,,
2.436,7.616,2.307,8.821,1.585,7.396,186507,2017-03-13 23:24:07:222,,,,,,,,,,,,,,,,,,,,,,,,,,0,,,
-5.345,12.045,13.602,0.495,-10.038,-0.17,187008,2017-03-13 23:24:07:723,,,,,,,,,,,,,,,,,,,,,,,,,,1,,,
-4.759,3.441,-4.599,-9.225,12.97,13.034,187508,2017-03-13 23:24:08:223,,,,,,,,,,,,,,,,,,,,,,,,,,0,,,
9.147,6.288,4.171,1.132,4.758,1.288,188007,2017-03-13 23:24:08:722,,,,,,,,,,,,,,,,,,,,,,,,,,0,,,
-8.805,3.762,-2.404,-3.862,-5.775,-1.249,188508,2017-03-13 23:24:09:223,,,,,,,,,,,,,,,,,,,,,,,,,,1,,,
-11.399,17.41,10.302,9.236,1.955,10.943,189007,2017-03-13 23:24:09:722,,,,,,,,,,,,,,,,,,,,,,,,,,1,,,
4.834,6.271,-0.795,-8.283,10.078,3.63,189508,2017-03-13 23:24:10:223,,,,,,,,,,,,,,,,,,,,,,,,,,0,,,
-4.462,-0.841,-1.977,-0.231,-4.882,-3.047,190008,2017-03-13 23:24:10:723,,,,,,,,,,,,,,,,,,,,,,,,,,0,,,
-14.06,24.349,11.757,12.3,-0.536,2.753,190507,2017-03-13 23:24:11:222,,,,,,,,,,,,,,,,,,,,,,,,,,1,,,
-8.023,13.745,8.03,0.343,-1.413,-0.72,191008,2017-03-13 23:24:11:723,,,,,,,,,,,,,,,,,,,,,,,,,,1,,,
-6.421,-5.032,-3.509,-2.652,-1.844,4.2,191508,2017-03-13 23:24:12:223,,,,,,,,,,,,,,,,,,,,,,,,,,1,,,
9.156,12.034,4.509,8.68,-0.114,4.631,192008,2017-03-13 23:24:12:723,,,,,,,,,,,,,,,,,,,,,,,,,,0,,,
-18.585,16.423,4.68,-13.934,9.823,3.953,192507,2017-03-13 23:24:13:222,,,,,,,,,,,,,,,,,,,,,,,,,,1,,,
-3.694,-0.449,-3.063,-9.276,11.91,12.673,193008,2017-03-13 23:24:13:723,,,,,,,,,,,,,,,,,,,,,,,,,,0,,,
2.577,9.084,-1.43,5.502,7.833,5.722,193508,2017-03-13 23:24:14:223,,,,,,,,,,,,,,,,,,,,,,,,,,0,,,
-10.095,17.754,8.054,-1.112,-5.205,-0.06,194014,2017-03-13 23:24:14:729,,,,,,,,,,,,,,,,,,,,,,,,,,1,,,
-4.044,0.258,-3.053,4.967,10.847,11.34,194508,2017-03-13 23:24:15:223,,,,,,,,,,,,,,,,,,,,,,,,,,0,,,
2.267,6.543,4.784,-2.672,8.718,10.836,195007,2017-03-13 23:24:15:722,,,,,,,,,,,,,,,,,,,,,,,,,,0,,,
-12.859,13.422,4.189,-0.633,-9.038,-5.71,195508,2017-03-13 23:24:16:223,,,,,,,,,,,,,,,,,,,,,,,,,,1,,,
-3.712,6.528,3.784,-6.478,11.695,17.096,196008,2017-03-13 23:24:16:723,,,,,,,,,,,,,,,,,,,,,,,,,,0,,,
3.23,7.606,0.776,-10.895,6.079,5.602,196507,2017-03-13 23:24:17:222,,,,,,,,,,,,,,,,,,,,,,,,,,0,,,
-10.497,6.746,-2.843,-0.844,-4.936,-1.586,197008,2017-03-13 23:24:17:723,,,,,,,,,,,,,,,,,,,,,,,,,,1,,,
-8.963,11.751,7.135,8.906,2.401,5.08,197507,2017-03-13 23:24:18:222,,,,,,,,,,,,,,,,,,,,,,,,,,1,,,
-8.243,12.448,-1.131,-4.939,10.833,8.22,198007,2017-03-13 23:24:18:722,,,,,,,,,,,,,,,,,,,,,,,,,,1,,,
-4.496,-2.874,-4.118,-3.369,6.793,8.486,198508,2017-03-13 23:24:19:223,,,,,,,,,,,,,,,,,,,,,,,,,,0,,,
4.747,6.317,-0.259,12.634,0.888,4.194,199008,2017-03-13 23:24:19:723,,,,,,,,,,,,,,,,,,,,,,,,,,0,,,
-8.889,14.621,1.273,-1.472,1.61,-2.108,199507,2017-03-13 23:24:20:222,,,,,,,,,,,,,,,,,,,,,,,,,,1,,,
-5.755,0.473,0.301,-1.988,2.782,0.979,200008,2017-03-13 23:24:20:723,,,,,,,,,,,,,,,,,,,,,,,,,,1,,,
3.26,8.505,0.134,8.344,0.77,2.854,200508,2017-03-13 23:24:21:223,,,,,,,,,,,,,,,,,,,,,,,,,,0,,,
-18.273,21.906,-1.876,-2.806,-9.553,-1.407,201008,2017-03-13 23:24:21:723,,,,,,,,,,,,,,,,,,,,,,,,,,1,,,
0.427,5.435,2.448,-8.844,17.795,11.17,201507,2017-03-13 23:24:22:222,,,,,,,,,,,,,,,,,,,,,,,,,,0,,,
4.907,4.867,0.236,2.483,4.946,3.59,202008,2017-03-13 23:24:22:723,,,,,,,,,,,,,,,,,,,,,,,,,,0,,,
-7.605,1.047,-5.258,-4.765,-3.232,0.865,202508,2017-03-13 23:24:23:223,,,,,,,,,,,,,,,,,,,,,,,,,,1,,,
-4.672,8.552,-2.459,7.567,4.617,9.586,203009,2017-03-13 23:24:23:724,,,,,,,,,,,,,,,,,,,,,,,,,,0,,,
-2.491,3.015,1.814,-4.27,8.992,5.729,203507,2017-03-13 23:24:24:222,,,,,,,,,,,,,,,,,,,,,,,,,,0,,,
-8.886,-1.388,-5.336,-2.084,-4.187,0.005,204008,2017-03-13 23:24:24:723,,,,,,,,,,,,,,,,,,,,,,,,,,1,,,
-1.395,18.502,10.047,12.339,1.147,3.683,204508,2017-03-13 23:24:25:223,,,,,,,,,,,,,,,,,,,,,,,,,,0,,,
-10.869,13.904,4.21,-2.839,-0.738,-5.802,205008,2017-03-13 23:24:25:723,,,,,,,,,,,,,,,,,,,,,,,,,,1,,,
-10.046,-3.265,-1.395,-1.36,-0.688,0.304,205508,2017-03-13 23:24:26:223,,,,,,,,,,,,,,,,,,,,,,,,,,1,,,
5.604,10.428,3.477,8.516,2.582,6.635,206008,2017-03-13 23:24:26:723,,,,,,,,,,,,,,,,,,,,,,,,,,0,,,
-2.47,17.903,2.839,-7.486,7.498,2.225,206508,2017-03-13 23:24:27:223,,,,,,,,,,,,,,,,,,,,,,,,,,0,,,
-5.86,-1.954,-3.187,-8.457,13.394,12.013,207007,2017-03-13 23:24:27:722,,,,,,,,,,,,,,,,,,,,,,,,,,1,,,
3.607,5.199,2.758,3.57,5.467,4.409,207508,2017-03-13 23:24:28:223,,,,,,,,,,,,,,,,,,,,,,,,,,0,,,
-14.681,13.952,3.426,0.812,-10.73,-3.263,208007,2017-03-13 23:24:28:722,,,,,,,,,,,,,,,,,,,,,,,,,,1,,,
-5.355,7.782,2.693,-4.626,6.301,8.471,208508,2017-03-13 23:24:29:223,,,,,,,,,,,,,,,,,,,,,,,,,,1,,,
5.784,8.884,-0.78,-4.817,8.898,10.095,209007,2017-03-13 23:24:29:722,,,,,,,,,,,,,,,,,,,,,,,,,,0,,,
-4.538,-2.448,-10.59,0.774,-12.824,-1.795,209508,2017-03-13 23:24:30:223,,,,,,,,,,,,,,,,,,,,,,,,,,0,,,
-11.685,7.789,9.484,1.679,12.125,17.327,210008,2017-03-13 23:24:30:723,,,,,,,,,,,,,,,,,,,,,,,,,,1,,,
3.275,7.312,-1.061,-8.9,6.399,5.17,210507,2017-03-13 23:24:31:222,,,,,,,,,,,,,,,,,,,,,,,,,,0,,,
-7.098,-6.151,-4.548,0.426,-2.971,2.603,211008,2017-03-13 23:24:31:723,,,,,,,,,,,,,,,,,,,,,,,,,,1,,,
-11.142,20.75,11.603,9.381,6.708,7.092,211507,2017-03-13 23:24:32:222,,,,,,,,,,,,,,,,,,,,,,,,,,1,,,
-5.595,12.249,0.87,-11.603,12.74,2.638,212008,2017-03-13 23:24:32:723,,,,,,,,,,,,,,,,,,,,,,,,,,1,,,
-6.831,0.162,-0.18,0.797,-4.777,0.747,212508,2017-03-13 23:24:33:223,,,,,,,,,,,,,,,,,,,,,,,,,,1,,,
-3.115,22.35,13.175,7.981,0.571,1.635,213008,2017-03-13 23:24:33:723,,,,,,,,,,,,,,,,,,,,,,,,,,0,,,
-5.126,16.877,9.806,-5.021,2.309,-3.195,213508,2017-03-13 23:24:34:223,,,,,,,,,,,,,,,,,,,,,,,,,,1,,,
-7.235,-3.162,-3.991,-1.31,0.133,1.692,214008,2017-03-13 23:24:34:723,,,,,,,,,,,,,,,,,,,,,,,,,,1,,,
10.56,7.853,1.06,8.571,-0.229,3.798,214508,2017-03-13 23:24:35:223,,,,,,,,,,,,,,,,,,,,,,,,,,0,,,
-18.667,16.611,11.929,0.129,-11.218,-2.943,215008,2017-03-13 23:24:35:723,,,,,,,,,,,,,,,,,,,,,,,,,,1,,,
-6.501,6.223,1.561,-8.616,17.283,15.07,215507,2017-03-13 23:24:36:222,,,,,,,,,,,,,,,,,,,,,,,,,,1,,,
8.557,4.849,4.399,2.874,2.675,4.56,216008,2017-03-13 23:24:36:723,,,,,,,,,,,,,,,,,,,,,,,,,,0,,,
-8.554,-0.619,-4.317,-1.066,-8.088,-1.947,216508,2017-03-13 23:24:37:223,,,,,,,,,,,,,,,,,,,,,,,,,,1,,,
-5.518,4.667,-2.568,8.726,3.366,7.379,217008,2017-03-13 23:24:37:723,,,,,,,,,,,,,,,,,,,,,,,,,,1,,,
5.311,5.634,0.709,1.484,9.733,5.03,217508,2017-03-13 23:24:38:223,,,,,,,,,,,,,,,,,,,,,,,,,,0,,,
-7.321,5.715,-4.568,-2.196,-10.076,-1.314,218007,2017-03-13 23:24:38:722,,,,,,,,,,,,,,,,,,,,,,,,,,1,,,
-4.145,4.583,-3.644,9.081,0.977,4.978,218508,2017-03-13 23:24:39:223,,,,,,,,,,,,,,,,,,,,,,,,,,0,,,
1.959,8.005,3.163,-2.855,10.722,8.141,219007,2017-03-13 23:24:39:722,,,,,,,,,,,,,,,,,,,,,,,,,,0,,,
-9.026,8.62,-1.633,-2.631,-7.673,-0.673,219508,2017-03-13 23:24:40:223,,,,,,,,,,,,,,,,,,,,,,,,,,1,,,
-9.644,7.093,1.634,-4.516,15.525,14.219,220008,2017-03-13 23:24:40:723,,,,,,,,,,,,,,,,,,,,,,,,,,1,,,
0.796,9.711,-0.594,-1.742,10.18,7.406,220508,2017-03-13 23:24:41:223,,,,,,,,,,,,,,,,,,,,,,,,,,0,,,
-4.277,-2.804,-9.163,-2.258,-0.842,2.953,221007,2017-03-13 23:24:41:722,,,,,,,,,,,,,,,,,,,,,,,,,,0,,,
-11.457,22.379,9.109,7.368,0.634,6.892,221510,2017-03-13 23:24:42:225,,,,,,,,,,,,,,,,,,,,,,,,,,1,,,
-11.862,11.678,11.836,-13.719,4.982,3.408,222008,2017-03-13 23:24:42:723,,,,,,,,,,,,,,,,,,,,,,,,,,1,,,
-6.244,-4.892,-6.616,-0.625,-5.806,1.148,222508,2017-03-13 23:24:43:223,,,,,,,,,,,,,,,,,,,,,,,,,,1,,,
-17.859,23.619,11.055,10.927,-0.968,5.599,223008,2017-03-13 23:24:43:723,,,,,,,,,,,,,,,,,,,,,,,,,,1,,,
-4.038,16.134,1.139,-3.832,-0.497,-0.71,223508,2017-03-13 23:24:44:223,,,,,,,,,,,,,,,,,,,,,,,,,,0,,,
-7.25,-1.751,-1.752,-0.113,0.437,2.969,224007,2017-03-13 23:24:44:722,,,,,,,,,,,,,,,,,,,,,,,,,,1,,,
4.122,9.822,-0.153,-0.312,7.766,1.662,224508,2017-03-13 23:24:45:223,,,,,,,,,,,,,,,,,,,,,,,,,,0,,,
-18.41,14.018,4.689,-0.137,-7.408,-6.16,225008,2017-03-13 23:24:45:723,,,,,,,,,,,,,,,,,,,,,,,,,,1,,,
-6.702,4.134,-0.072,-6.373,7.618,12.932,225507,2017-03-13 23:24:46:222,,,,,,,,,,,,,,,,,,,,,,,,,,1,,,
6.401,4.812,1.966,3.712,-1.692,1.43,226008,2017-03-13 23:24:46:723,,,,,,,,,,,,,,,,,,,,,,,,,,0,,,
-12.94,11.193,-1.232,-1.199,-5.344,-3.199,226508,2017-03-13 23:24:47:223,,,,,,,,,,,,,,,,,,,,,,,,,,1,,,
-15.81,11.583,7.806,10.456,5.223,6.145,227007,2017-03-13 23:24:47:722,,,,,,,,,,,,,,,,,,,,,,,,,,1,,,
7.967,5.258,2.042,0.786,8.865,5.405,227507,2017-03-13 23:24:48:222,,,,,,,,,,,,,,,,,,,,,,,,,,0,,,
-7.955,4.207,-5.078,-4.43,-11.168,-3.407,228008,2017-03-13 23:24:48:723,,,,,,,,,,,,,,,,,,,,,,,,,,1,,,
-10.483,10.252,2.682,-4.659,13.923,14.232,228508,2017-03-13 23:24:49:223,,,,,,,,,,,,,,,,,,,,,,,,,,1,,,
10.3,3.646,5.55,-12.106,10.679,10.433,229008,2017-03-13 23:24:49:723,,,,,,,,,,,,,,,,,,,,,,,,,,0,,,
-6.572,-1.223,3.637,-3.774,-6.574,-4.892,229508,2017-03-13 23:24:50:223,,,,,,,,,,,,,,,,,,,,,,,,,,1,,,
-11.665,21.693,11.592,12.751,1.264,6.79,230008,2017-03-13 23:24:50:723,,,,,,,,,,,,,,,,,,,,,,,,,,1,,,
-7.788,12.835,-3.776,-3.153,12.461,4.992,230508,2017-03-13 23:24:51:223,,,,,,,,,,,,,,,,,,,,,,,,,,1,,,
-5.828,-1.668,-5.336,-2.523,4.906,7.613,231008,2017-03-13 23:24:51:723,,,,,,,,,,,,,,,,,,,,,,,,,,1,,,
7.89,11.208,5.071,15.869,1.37,4.812,231507,2017-03-13 23:24:52:222,,,,,,,,,,,,,,,,,,,,,,,,,,0,,,
-10.045,15.357,2.638,-6.428,7.247,-4.667,232008,2017-03-13 23:24:52:723,,,,,,,,,,,,,,,,,,,,,,,,,,1,,,
-7.016,-2.664,-3.492,-0.407,-1.035,1.69,232508,2017-03-13 23:24:53:223,,,,,,,,,,,,,,,,,,,,,,,,,,1,,,
4.442,8.969,-1.894,0.406,8.418,2.867,233008,2017-03-13 23:24:53:723,,,,,,,,,,,,,,,,,,,,,,,,,,0,,,
-15.947,13.068,10.407,-1.305,-5.236,-4.614,233507,2017-03-13 23:24:54:222,,,,,,,,,,,,,,,,,,,,,,,,,,1,,,
-3.638,2.19,0.289,-1.743,4.781,7.772,234008,2017-03-13 23:24:54:723,,,,,,,,,,,,,,,,,,,,,,,,,,0,,,
5.021,4.453,3.938,9.428,-0.358,0.79,234508,2017-03-13 23:24:55:223,,,,,,,,,,,,,,,,,,,,,,,,,,0,,,
-9.605,8.955,-2.057,0.265,-9.041,-6.066,235007,2017-03-13 23:24:55:722,,,,,,,,,,,,,,,,,,,,,,,,,,1,,,
-3.188,7.239,4.46,-2.268,14.09,12.234,235508,2017-03-13 23:24:56:223,,,,,,,,,,,,,,,,,,,,,,,,,,0,,,
5.445,5.193,-1.539,3.264,6.305,2.478,236008,2017-03-13 23:24:56:723,,,,,,,,,,,,,,,,,,,,,,,,,,0,,,
-6.622,9.315,-3.045,1.377,-6.31,-4.116,236508,2017-03-13 23:24:57:223,,,,,,,,,,,,,,,,,,,,,,,,,,1,,,
-9.906,12.488,12.207,13.227,-1.234,5.344,237008,2017-03-13 23:24:57:723,,,,,,,,,,,,,,,,,,,,,,,,,,1,,,
-9.533,12.558,2.64,-6.517,8.025,6.571,237507,2017-03-13 23:24:58:222,,,,,,,,,,,,,,,,,,,,,,,,,,1,,,
-10.451,-1.976,-7.691,-6.055,-5.794,-3.471,238008,2017-03-13 23:24:58:723,,,,,,,,,,,,,,,,,,,,,,,,,,1,,,
3.94,13.194,13.476,9.628,0.61,-0.915,238507,2017-03-13 23:24:59:222,,,,,,,,,,,,,,,,,,,,,,,,,,0,,,
-5.823,13.137,8.4,-1.714,1.446,-4.72,239008,2017-03-13 23:24:59:723,,,,,,,,,,,,,,,,,,,,,,,,,,1,,,
-5.763,-1.044,-4.563,-3.124,-0.441,1.174,239508,2017-03-13 23:25:00:223,,,,,,,,,,,,,,,,,,,,,,,,,,1,,,
-9.503,20.658,13.583,10.938,-0.029,2.219,240007,2017-03-13 23:25:00:722,,,,,,,,,,,,,,,,,,,,,,,,,,1,,,
0.133,14.156,3.868,-5.577,7.048,8.342,240508,2017-03-13 23:25:01:223,,,,,,,,,,,,,,,,,,,,,,,,,,0,,,
-10.692,0.652,-3.014,-1.001,8.867,10.517,241008,2017-03-13 23:25:01:723,,,,,,,,,,,,,,,,,,,,,,,,,,1,,,
5.892,7.981,2.49,5.889,1.729,2.692,241507,2017-03-13 23:25:02:222,,,,,,,,,,,,,,,,,,,,,,,,,,0,,,
-26.852,11.784,5.607,1.822,-5.235,-5.576,242008,2017-03-13 23:25:02:723,,,,,,,,,,,,,,,,,,,,,,,,,,1,,,
-8.962,3.929,4.741,-8.983,5.912,14.467,242508,2017-03-13 23:25:03:223,,,,,,,,,,,,,,,,,,,,,,,,,,1,,,
2.958,7.996,-2.316,2.087,5.879,8.293,243008,2017-03-13 23:25:03:723,,,,,,,,,,,,,,,,,,,,,,,,,,0,,,
-21.696,17.634,3.387,-3.707,-8.53,-5.95,243508,2017-03-13 23:25:04:223,,,,,,,,,,,,,,,,,,,,,,,,,,1,,,
-12.165,9.242,-1.6,6.461,11.4,10.644,244007,2017-03-13 23:25:04:722,,,,,,,,,,,,,,,,,,,,,,,,,,1,,,
5.813,3.478,-3.51,-1.297,7.097,2.036,244508,2017-03-13 23:25:05:223,,,,,,,,,,,,,,,,,,,,,,,,,,0,,,
-6.922,-1.589,-4.928,-2.204,-2.499,0.365,245008,2017-03-13 23:25:05:723,,,,,,,,,,,,,,,,,,,,,,,,,,1,,,
-17.709,21.906,11.485,6.602,-0.429,-1.833,245508,2017-03-13 23:25:06:223,,,,,,,,,,,,,,,,,,,,,,,,,,1,,,
-7.419,12.04,0.718,-2.514,-0.503,-5.165,246008,2017-03-13 23:25:06:723,,,,,,,,,,,,,,,,,,,,,,,,,,1,,,
-5.223,-2.589,-5.228,-3.33,-3.37,1.458,246507,2017-03-13 23:25:07:222,,,,,,,,,,,,,,,,,,,,,,,,,,1,,,
7.564,10.58,-1.962,11.059,0.035,2.794,247007,2017-03-13 23:25:07:722,,,,,,,,,,,,,,,,,,,,,,,,,,0,,,
-20.579,19.958,9.184,-9.712,10.903,6.497,247508,2017-03-13 23:25:08:223,,,,,,,,,,,,,,,,,,,,,,,,,,1,,,
-5.951,3.561,3.316,-5.68,10.81,5.31,248008,2017-03-13 23:25:08:723,,,,,,,,,,,,,,,,,,,,,,,,,,1,,,
9.156,11.044,-1.389,2.673,1.959,2.724,248508,2017-03-13 23:25:09:223,,,,,,,,,,,,,,,,,,,,,,,,,,0,,,
-9.322,15.895,7.674,0.86,-9.088,-3.15,249008,2017-03-13 23:25:09:723,,,,,,,,,,,,,,,,,,,,,,,,,,1,,,
-5.335,1.136,-1.478,-5.086,2.951,7.466,249507,2017-03-13 23:25:10:222,,,,,,,,,,,,,,,,,,,,,,,,,,1,,,
5.383,5.696,-0.504,0.672,8.244,8.523,250008,2017-03-13 23:25:10:723,,,,,,,,,,,,,,,,,,,,,,,,,,0,,,
-4.238,13.998,6.264,-2.325,-7.133,-3.061,250507,2017-03-13 23:25:11:222,,,,,,,,,,,,,,,,,,,,,,,,,,0,,,
5.59,9.393,7.26,6.101,0.987,5.499,251008,2017-03-13 23:25:11:723,,,,,,,,,,,,,,,,,,,,,,,,,,0,,,
-2.665,8.028,-0.555,-2.896,7.755,4.04,251508,2017-03-13 23:25:12:223,,,,,,,,,,,,,,,,,,,,,,,,,,0,,,
-7.861,-1.868,-2.95,-1.259,-5.119,-1.212,252008,2017-03-13 23:25:12:723,,,,,,,,,,,,,,,,,,,,,,,,,,1,,,
-6.378,-5.204,14.862,13.577,-6.267,-5.187,252508,2017-03-13 23:25:13:223,,,,,,,,,,,,,,,,,,,,,,,,,,1,,,
-8.449,10.672,-1.242,-5.044,3.14,4.466,253008,2017-03-13 23:25:13:723,,,,,,,,,,,,,,,,,,,,,,,,,,1,,,
-5.738,-0.985,-3.263,-2.1,-6.718,-0.159,253508,2017-03-13 23:25:14:223,,,,,,,,,,,,,,,,,,,,,,,,,,1,,,
4.227,7.575,3.438,6.685,-1.856,0.42,254008,2017-03-13 23:25:14:723,,,,,,,,,,,,,,,,,,,,,,,,,,0,,,
-25.103,13.536,-2.274,-0.317,-11.77,-6.21,254508,2017-03-13 23:25:15:223,,,,,,,,,,,,,,,,,,,,,,,,,,1,,,
-4.806,3.234,2.35,-10.797,15.911,12.363,255007,2017-03-13 23:25:15:722,,,,,,,,,,,,,,,,,,,,,,,,,,0,,,
1.553,9.768,-1.815,-1.628,12.984,-0.552,255508,2017-03-13 23:25:16:223,,,,,,,,,,,,,,,,,,,,,,,,,,0,,,
-4.835,-3.532,-5.498,-1.27,-8.041,-0.3,256008,2017-03-13 23:25:16:723,,,,,,,,,,,,,,,,,,,,,,,,,,0,,,
-7.972,12.692,16.197,8.446,1.948,-1.081,256507,2017-03-13 23:25:17:222,,,,,,,,,,,,,,,,,,,,,,,,,,1,,,
-10.612,8.733,-0.476,-7.22,2.026,-0.405,257008,2017-03-13 23:25:17:723,,,,,,,,,,,,,,,,,,,,,,,,,,1,,,
-4.497,-2.973,-1.468,-4.857,-8.803,-4.498,257508,2017-03-13 23:25:18:223,,,,,,,,,,,,,,,,,,,,,,,,,,0,,,
-5.21,21.729,11.856,8.935,0.547,-2.326,258008,2017-03-13 23:25:18:723,,,,,,,,,,,,,,,,,,,,,,,,,,1,,,
-0.289,15.488,7.6,-2.076,-4.76,-6.598,258507,2017-03-13 23:25:19:222,,,,,,,,,,,,,,,,,,,,,,,,,,0,,,
-4.435,1.204,0.449,-6.207,0.316,0.253,259007,2017-03-13 23:25:19:722,,,,,,,,,,,,,,,,,,,,,,,,,,0,,,
1.23,4.35,2.392,13.444,-2.426,-1.82,259508,2017-03-13 23:25:20:223,,,,,,,,,,,,,,,,,,,,,,,,,,0,,,
-4.513,13.944,12.676,-1.893,-11.739,-2.995,260007,2017-03-13 23:25:20:722,,,,,,,,,,,,,,,,,,,,,,,,,,0,,,
-3.004,0.467,-6.982,-0.539,12.388,12.546,260508,2017-03-13 23:25:21:223,,,,,,,,,,,,,,,,,,,,,,,,,,0,,,
0.414,6.099,2.362,5.626,3.419,-1.426,261007,2017-03-13 23:25:21:722,,,,,,,,,,,,,,,,,,,,,,,,,,0,,,
-2.892,-2.252,-7.794,1.233,-10.78,-5.25,261508,2017-03-13 23:25:22:223,,,,,,,,,,,,,,,,,,,,,,,,,,0,,,
-9.974,10.696,10.336,11.323,0.706,3.163,262007,2017-03-13 23:25:22:722,,,,,,,,,,,,,,,,,,,,,,,,,,1,,,
1.339,7.435,-1.648,-3.598,10.19,6.635,262508,2017-03-13 23:25:23:223,,,,,,,,,,,,,,,,,,,,,,,,,,0,,,
-9.273,-2.738,-6.535,-3.484,-6.504,-2.996,263008,2017-03-13 23:25:23:723,,,,,,,,,,,,,,,,,,,,,,,,,,1,,,
-5.922,20.761,8.22,10.979,1.815,5.496,263507,2017-03-13 23:25:24:222,,,,,,,,,,,,,,,,,,,,,,,,,,1,,,
-5.338,14.237,6.545,1.228,-3.532,-1.281,264008,2017-03-13 23:25:24:723,,,,,,,,,,,,,,,,,,,,,,,,,,1,,,
-4.039,1.957,-0.821,-5.318,5.229,5.896,264508,2017-03-13 23:25:25:223,,,,,,,,,,,,,,,,,,,,,,,,,,0,,,
-0.437,7.691,0.733,12.905,-0.584,2.613,265007,2017-03-13 23:25:25:722,,,,,,,,,,,,,,,,,,,,,,,,,,0,,,
-10.595,15.988,6.852,-4.01,0.211,-2.613,265507,2017-03-13 23:25:26:222,,,,,,,,,,,,,,,,,,,,,,,,,,1,,,
-7.588,2.848,-3.964,9.142,7.271,8.983,266008,2017-03-13 23:25:26:723,,,,,,,,,,,,,,,,,,,,,,,,,,1,,,
8.426,3.573,0.462,0.219,9.262,2.689,266508,2017-03-13 23:25:27:223,,,,,,,,,,,,,,,,,,,,,,,,,,0,,,
-18.349,14.835,5.575,-0.178,-11.09,-5.039,267008,2017-03-13 23:25:27:723,,,,,,,,,,,,,,,,,,,,,,,,,,1,,,
-5.436,6.804,4.026,-5.322,10.178,11.407,267508,2017-03-13 23:25:28:223,,,,,,,,,,,,,,,,,,,,,,,,,,1,,,
5.708,5.787,-2.539,-8.46,9.014,5.695,268008,2017-03-13 23:25:28:723,,,,,,,,,,,,,,,,,,,,,,,,,,0,,,
-4.318,-2.239,-4.767,-3.655,-6.231,-2.484,268508,2017-03-13 23:25:29:223,,,,,,,,,,,,,,,,,,,,,,,,,,0,,,
-7.415,9.382,1.744,9.063,8.571,7.25,269008,2017-03-13 23:25:29:723,,,,,,,,,,,,,,,,,,,,,,,,,,1,,,
-1.954,10.686,0.813,1.054,6.599,8.927,269507,2017-03-13 23:25:30:222,,,,,,,,,,,,,,,,,,,,,,,,,,0,,,
-6.945,-1.557,-2.14,1.244,-1.144,1.518,270008,2017-03-13 23:25:30:723,,,,,,,,,,,,,,,,,,,,,,,,,,1,,,
-14.511,19.372,9.34,10.104,0.46,5.92,270508,2017-03-13 23:25:31:223,,,,,,,,,,,,,,,,,,,,,,,,,,1,,,
-2.77,14.428,7.431,0.812,-8.489,-2.587,271008,2017-03-13 23:25:31:723,,,,,,,,,,,,,,,,,,,,,,,,,,0,,,
-5.223,-1.126,-3.436,-2.241,0.41,9.344,271508,2017-03-13 23:25:32:223,,,,,,,,,,,,,,,,,,,,,,,,,,1,,,
4.746,11.193,5.231,10.112,1.067,5.287,272008,2017-03-13 23:25:32:723,,,,,,,,,,,,,,,,,,,,,,,,,,0,,,
-20.052,16.519,2.162,-4.146,1.207,1.424,272507,2017-03-13 23:25:33:222,,,,,,,,,,,,,,,,,,,,,,,,,,1,,,
-6.921,-2.896,-0.06,0.527,11.541,10.327,273008,2017-03-13 23:25:33:723,,,,,,,,,,,,,,,,,,,,,,,,,,1,,,
0.092,9.837,7.431,-2.941,7.227,5.418,273508,2017-03-13 23:25:34:223,,,,,,,,,,,,,,,,,,,,,,,,,,0,,,
-12.34,12.826,7.607,3.532,-7.014,-8.514,274008,2017-03-13 23:25:34:723,,,,,,,,,,,,,,,,,,,,,,,,,,1,,,
-5.509,8.337,3.968,-3.131,6.234,9.585,274508,2017-03-13 23:25:35:223,,,,,,,,,,,,,,,,,,,,,,,,,,1,,,
4.326,8.048,2.954,-10.919,7.286,12.86,275008,2017-03-13 23:25:35:723,,,,,,,,,,,,,,,,,,,,,,,,,,0,,,
-8.734,5.015,-2.048,-0.806,-6.355,-2.42,275508,2017-03-13 23:25:36:223,,,,,,,,,,,,,,,,,,,,,,,,,,1,,,
-11.958,14.765,8.167,7.334,7.03,5.554,276008,2017-03-13 23:25:36:723,,,,,,,,,,,,,,,,,,,,,,,,,,1,,,
-5.525,8.82,1,2.282,6.275,4.864,276508,2017-03-13 23:25:37:223,,,,,,,,,,,,,,,,,,,,,,,,,,1,,,
-4.721,-1.596,-1.759,-2.738,-0.936,1.134,277008,2017-03-13 23:25:37:723,,,,,,,,,,,,,,,,,,,,,,,,,,0,,,
4.545,18.014,7.412,10.746,-1.766,5.637,277507,2017-03-13 23:25:38:222,,,,,,,,,,,,,,,,,,,,,,,,,,0,,,
-6.482,11.171,1.257,-8.984,8.27,-0.072,278008,2017-03-13 23:25:38:723,,,,,,,,,,,,,,,,,,,,,,,,,,1,,,
-8.39,-0.843,0.142,-0.785,-5.397,1.32,278508,2017-03-13 23:25:39:223,,,,,,,,,,,,,,,,,,,,,,,,,,1,,,
3.8,4.639,0.628,0.165,4.568,4.713,279008,2017-03-13 23:25:39:723,,,,,,,,,,,,,,,,,,,,,,,,,,0,,,
-9.827,14.335,9.28,3.994,-8.854,-8.148,279507,2017-03-13 23:25:40:222,,,,,,,,,,,,,,,,,,,,,,,,,,1,,,
-5.993,2.086,-3.175,-6.95,7.679,3.746,280008,2017-03-13 23:25:40:723,,,,,,,,,,,,,,,,,,,,,,,,,,1,,,
8.745,5.666,6.732,8.68,-0.348,1.262,280507,2017-03-13 23:25:41:222,,,,,,,,,,,,,,,,,,,,,,,,,,0,,,
-6.06,8.139,-5.206,-1.579,-5.807,-1.449,281008,2017-03-13 23:25:41:723,,,,,,,,,,,,,,,,,,,,,,,,,,1,,,
-4.129,13.38,6.974,9.941,5.892,6.41,281508,2017-03-13 23:25:42:223,,,,,,,,,,,,,,,,,,,,,,,,,,0,,,
-3.201,9.992,1.515,-3.113,10.796,7.152,282007,2017-03-13 23:25:42:722,,,,,,,,,,,,,,,,,,,,,,,,,,0,,,
-7.469,5.556,-3.494,-1.614,-9.669,-2.38,282508,2017-03-13 23:25:43:223,,,,,,,,,,,,,,,,,,,,,,,,,,1,,,
-12.368,11.801,3.205,5.687,4.311,7.942,283008,2017-03-13 23:25:43:723,,,,,,,,,,,,,,,,,,,,,,,,,,1,,,
6.622,4.26,0.213,-5.428,10.606,6.93,283508,2017-03-13 23:25:44:223,,,,,,,,,,,,,,,,,,,,,,,,,,0,,,
-6.227,-4.048,-6.248,-3.257,-7.649,0.244,284008,2017-03-13 23:25:44:723,,,,,,,,,,,,,,,,,,,,,,,,,,1,,,
-8.843,19.995,14.752,11.974,1.757,1.998,284508,2017-03-13 23:25:45:223,,,,,,,,,,,,,,,,,,,,,,,,,,1,,,
-4.513,10.239,4.045,-1.045,-3.14,1.11,285007,2017-03-13 23:25:45:722,,,,,,,,,,,,,,,,,,,,,,,,,,0,,,
-8.036,-4.758,-2.286,-1.067,2.825,4.813,285508,2017-03-13 23:25:46:223,,,,,,,,,,,,,,,,,,,,,,,,,,1,,,
8.671,14.787,5.813,9.851,0.965,5.323,286007,2017-03-13 23:25:46:722,,,,,,,,,,,,,,,,,,,,,,,,,,0,,,
-3.84,14.785,6.549,-8.035,8.517,-2.211,286508,2017-03-13 23:25:47:223,,,,,,,,,,,,,,,,,,,,,,,,,,0,,,
-7.123,2.096,-0.306,-5.404,13.553,15.904,287007,2017-03-13 23:25:47:722,,,,,,,,,,,,,,,,,,,,,,,,,,1,,,
6.297,9.798,5.901,5.426,4.379,4.324,287508,2017-03-13 23:25:48:223,,,,,,,,,,,,,,,,,,,,,,,,,,0,,,
-14.768,19.532,8.715,-1.219,-7.833,-4.132,288008,2017-03-13 23:25:48:723,,,,,,,,,,,,,,,,,,,,,,,,,,1,,,
-5.007,2.028,-1.303,-3.023,2.729,7.942,288508,2017-03-13 23:25:49:223,,,,,,,,,,,,,,,,,,,,,,,,,,1,,,
7.65,4.712,-0.31,1.797,8.826,7.621,289008,2017-03-13 23:25:49:723,,,,,,,,,,,,,,,,,,,,,,,,,,0,,,
-15.769,16.728,3.127,-3.122,-8.412,-2.912,289508,2017-03-13 23:25:50:223,,,,,,,,,,,,,,,,,,,,,,,,,,1,,,
-1.808,6.63,4.454,-3.328,15.101,14.111,290007,2017-03-13 23:25:50:722,,,,,,,,,,,,,,,,,,,,,,,,,,0,,,
1.77,7.121,3.422,2.668,2.73,3.821,290508,2017-03-13 23:25:51:223,,,,,,,,,,,,,,,,,,,,,,,,,,0,,,
-9.298,14.95,-3.297,-0.275,-7.191,4.466,291008,2017-03-13 23:25:51:723,,,,,,,,,,,,,,,,,,,,,,,,,,1,,,
-3.278,5.299,8.529,12.157,4.773,3.884,291507,2017-03-13 23:25:52:222,,,,,,,,,,,,,,,,,,,,,,,,,,0,,,
-7.889,10.304,0.365,1.483,2.95,3.303,292008,2017-03-13 23:25:52:723,,,,,,,,,,,,,,,,,,,,,,,,,,1,,,
-7.487,-1.837,-4.378,-2.799,-8.122,-2.523,292508,2017-03-13 23:25:53:223,,,,,,,,,,,,,,,,,,,,,,,,,,1,,,
-7.576,9.566,8.116,8.39,1.482,3.097,293008,2017-03-13 23:25:53:723,,,,,,,,,,,,,,,,,,,,,,,,,,1,,,
-4.131,12.081,-2.56,-9.833,6.042,2.654,293507,2017-03-13 23:25:54:222,,,,,,,,,,,,,,,,,,,,,,,,,,0,,,
-7.828,-3.422,-0.042,0.499,-5.265,-2.139,294008,2017-03-13 23:25:54:723,,,,,,,,,,,,,,,,,,,,,,,,,,1,,,
9.087,12.373,1.065,8.996,0.449,3.986,294507,2017-03-13 23:25:55:222,,,,,,,,,,,,,,,,,,,,,,,,,,0,,,
-7.124,13.955,-0.471,-0.003,-7.442,0.601,295008,2017-03-13 23:25:55:723,,,,,,,,,,,,,,,,,,,,,,,,,,1,,,
-7.336,0.88,-2.097,-2.203,1.932,8.288,295508,2017-03-13 23:25:56:223,,,,,,,,,,,,,,,,,,,,,,,,,,1,,,
6.184,9.571,0.714,10.288,2.145,2.636,296008,2017-03-13 23:25:56:723,,,,,,,,,,,,,,,,,,,,,,,,,,0,,,
-10.436,14.627,-0.044,-0.221,-1.552,-1.172,296508,2017-03-13 23:25:57:223,,,,,,,,,,,,,,,,,,,,,,,,,,1,,,
-6.924,2.829,-3.211,3.663,14.466,8.332,297008,2017-03-13 23:25:57:723,,,,,,,,,,,,,,,,,,,,,,,,,,1,,,
5,6.228,4.752,0.353,10.773,6.034,297507,2017-03-13 23:25:58:222,,,,,,,,,,,,,,,,,,,,,,,,,,0,,,
-11.756,12.666,-2.692,-0.269,-10.875,-4.54,298008,2017-03-13 23:25:58:723,,,,,,,,,,,,,,,,,,,,,,,,,,1,,,
-5.965,8.08,1.201,-3.212,10.348,11.937,298508,2017-03-13 23:25:59:223,,,,,,,,,,,,,,,,,,,,,,,,,,1,,,
-2.159,10.861,-0.208,-4.867,8.102,3.146,299007,2017-03-13 23:25:59:722,,,,,,,,,,,,,,,,,,,,,,,,,,0,,,
-3.556,-1.735,-5.993,-2.985,-7.089,-2.582,299508,2017-03-13 23:26:00:223,,,,,,,,,,,,,,,,,,,,,,,,,,0,,,
-10.619,11.149,3.541,11.754,3.042,6.683,300008,2017-03-13 23:26:00:723,,,,,,,,,,,,,,,,,,,,,,,,,,1,,,
-11.948,14.861,5.628,0.633,6.266,7.394,300508,2017-03-13 23:26:01:223,,,,,,,,,,,,,,,,,,,,,,,,,,1,,,
-6.658,0.753,-1.508,-3.321,3.541,7.351,301007,2017-03-13 23:26:01:722,,,,,,,,,,,,,,,,,,,,,,,,,,1,,,
4.002,8.333,-0.177,6.424,3.104,11.568,301507,2017-03-13 23:26:02:222,,,,,,,,,,,,,,,,,,,,,,,,,,0,,,
-6.825,14.811,-4.422,-7.328,4.787,4.178,302008,2017-03-13 23:26:02:723,,,,,,,,,,,,,,,,,,,,,,,,,,1,,,
-5.301,2.156,-5.897,-1.547,-4.572,-1.493,302508,2017-03-13 23:26:03:223,,,,,,,,,,,,,,,,,,,,,,,,,,1,,,
-7.467,22.088,11.174,7.119,0.271,3.714,303008,2017-03-13 23:26:03:723,,,,,,,,,,,,,,,,,,,,,,,,,,1,,,
-2.671,15.801,7.096,-1.626,-4.734,-1.507,303508,2017-03-13 23:26:04:223,,,,,,,,,,,,,,,,,,,,,,,,,,0,,,
-6.586,0.934,-1.782,-0.268,5.545,11.426,304008,2017-03-13 23:26:04:723,,,,,,,,,,,,,,,,,,,,,,,,,,1,,,
4.713,5.418,3.748,11.892,-2.885,0.98,304508,2017-03-13 23:26:05:223,,,,,,,,,,,,,,,,,,,,,,,,,,0,,,
-10.602,12.296,1.771,-1.808,-5.798,-0.481,305008,2017-03-13 23:26:05:723,,,,,,,,,,,,,,,,,,,,,,,,,,1,,,
-5.71,12.792,9.514,13.686,-1.287,4.286,305508,2017-03-13 23:26:06:223,,,,,,,,,,,,,,,,,,,,,,,,,,1,,,
3.402,2.798,8.99,0.952,7.022,6.181,306008,2017-03-13 23:26:06:723,,,,,,,,,,,,,,,,,,,,,,,,,,0,,,
-6.336,-0.49,-2.095,-3.105,-4.22,-3.607,306508,2017-03-13 23:26:07:223,,,,,,,,,,,,,,,,,,,,,,,,,,1,,,
-6.512,18.819,14.575,10.861,0.1,5.19,307007,2017-03-13 23:26:07:722,,,,,,,,,,,,,,,,,,,,,,,,,,1,,,
-8.837,13.02,3.441,-6.34,2.759,-3.064,307508,2017-03-13 23:26:08:223,,,,,,,,,,,,,,,,,,,,,,,,,,1,,,
-7.334,0.152,-3.273,-1.241,-3.761,-0.232,308008,2017-03-13 23:26:08:723,,,,,,,,,,,,,,,,,,,,,,,,,,1,,,
1.115,23.035,8.811,11.554,-2.861,3.908,308508,2017-03-13 23:26:09:223,,,,,,,,,,,,,,,,,,,,,,,,,,0,,,
-8.047,16.002,3.584,-2.431,-9.097,-6.165,309008,2017-03-13 23:26:09:723,,,,,,,,,,,,,,,,,,,,,,,,,,1,,,
-4.545,7.891,2.541,-3.13,13.046,15.944,309508,2017-03-13 23:26:10:223,,,,,,,,,,,,,,,,,,,,,,,,,,0,,,
8.166,4.169,-0.23,0.92,3.144,5.537,310008,2017-03-13 23:26:10:723,,,,,,,,,,,,,,,,,,,,,,,,,,0,,,
-19.69,15.149,-0.203,-1.215,-7.168,-4.212,310508,2017-03-13 23:26:11:223,,,,,,,,,,,,,,,,,,,,,,,,,,1,,,
-2.606,8.122,7.827,11.749,-0.997,5.303,311008,2017-03-13 23:26:11:723,,,,,,,,,,,,,,,,,,,,,,,,,,0,,,
1.609,6.086,-0.012,-1.4,9.453,7.214,311508,2017-03-13 23:26:12:223,,,,,,,,,,,,,,,,,,,,,,,,,,0,,,
-2.366,3.165,-7.308,-4.047,-8.343,-3.12,312008,2017-03-13 23:26:12:723,,,,,,,,,,,,,,,,,,,,,,,,,,0,,,
-3.204,4.978,3.901,-2.835,15.228,11.527,312508,2017-03-13 23:26:13:223,,,,,,,,,,,,,,,,,,,,,,,,,,0,,,
-7.708,14.029,1.45,-5.239,3.362,-0.61,313009,2017-03-13 23:26:13:724,,,,,,,,,,,,,,,,,,,,,,,,,,1,,,
-5.138,1.054,-4.392,-1.167,-1.768,-2.459,313508,2017-03-13 23:26:14:223,,,,,,,,,,,,,,,,,,,,,,,,,,1,,,
8.904,6.416,5.884,11.367,-4.135,4.186,314007,2017-03-13 23:26:14:722,,,,,,,,,,,,,,,,,,,,,,,,,,0,,,
-9.885,13.177,2.321,-9.059,7.033,8.036,314507,2017-03-13 23:26:15:222,,,,,,,,,,,,,,,,,,,,,,,,,,1,,,
-6.665,1.722,-2.236,-1.262,-4.003,0.483,315007,2017-03-13 23:26:15:722,,,,,,,,,,,,,,,,,,,,,,,,,,1,,,
3.826,10.971,0.31,3.019,4.119,1.977,315508,2017-03-13 23:26:16:223,,,,,,,,,,,,,,,,,,,,,,,,,,0,,,
-17.27,15.43,11.318,-0.786,-8.174,-5.417,316007,2017-03-13 23:26:16:722,,,,,,,,,,,,,,,,,,,,,,,,,,1,,,
-4.204,9.185,4.769,-4.177,8.233,9.695,316508,2017-03-13 23:26:17:223,,,,,,,,,,,,,,,,,,,,,,,,,,0,,,
0.411,9.369,-0.419,-6.528,8.616,6.855,317008,2017-03-13 23:26:17:723,,,,,,,,,,,,,,,,,,,,,,,,,,0,,,
-9.084,8.674,-4.8,-2.636,-5.724,-0.122,317508,2017-03-13 23:26:18:223,,,,,,,,,,,,,,,,,,,,,,,,,,1,,,
-11.588,24.071,14.347,12.737,3.145,7.681,318008,2017-03-13 23:26:18:723,,,,,,,,,,,,,,,,,,,,,,,,,,1,,,
-0.574,13.861,1.562,1.691,6.257,4.995,318508,2017-03-13 23:26:19:223,,,,,,,,,,,,,,,,,,,,,,,,,,0,,,
-8.906,4.089,-0.492,0.733,0.235,0.791,319008,2017-03-13 23:26:19:723,,,,,,,,,,,,,,,,,,,,,,,,,,1,,,
-9.996,19.188,11.369,10.169,-2.015,-0.626,319508,2017-03-13 23:26:20:223,,,,,,,,,,,,,,,,,,,,,,,,,,1,,,
-9.856,17.18,5.098,-0.608,-4.703,-0.319,320007,2017-03-13 23:26:20:722,,,,,,,,,,,,,,,,,,,,,,,,,,1,,,
-3.34,0.977,1.274,-1.087,-1.278,-2.767,320508,2017-03-13 23:26:21:223,,,,,,,,,,,,,,,,,,,,,,,,,,0,,,
9.386,10.803,7.866,-0.476,0.791,-1.193,321008,2017-03-13 23:26:21:723,,,,,,,,,,,,,,,,,,,,,,,,,,0,,,
-9.501,14.182,7.881,-1.816,-8.708,-5.038,321507,2017-03-13 23:26:22:222,,,,,,,,,,,,,,,,,,,,,,,,,,1,,,
-2.833,4.85,2.794,-2.276,5.088,8.419,322008,2017-03-13 23:26:22:723,,,,,,,,,,,,,,,,,,,,,,,,,,0,,,
7.536,4.484,4.982,3.698,1.901,0.861,322507,2017-03-13 23:26:23:222,,,,,,,,,,,,,,,,,,,,,,,,,,0,,,
-12.542,5.635,-2.508,-4.831,-2.415,-6.115,323008,2017-03-13 23:26:23:723,,,,,,,,,,,,,,,,,,,,,,,,,,1,,,
-3.073,3.983,0.76,9.457,2.973,6.719,323507,2017-03-13 23:26:24:222,,,,,,,,,,,,,,,,,,,,,,,,,,0,,,
0.306,7.122,-0.347,2.161,7.454,6.839,324007,2017-03-13 23:26:24:722,,,,,,,,,,,,,,,,,,,,,,,,,,0,,,
-4.857,-0.884,-1.313,-2.972,-8.271,-4.234,324508,2017-03-13 23:26:25:223,,,,,,,,,,,,,,,,,,,,,,,,,,0,,,
-10.744,12.751,10.87,12.422,-2.982,-2.248,325008,2017-03-13 23:26:25:723,,,,,,,,,,,,,,,,,,,,,,,,,,1,,,
-13.823,13.039,1.147,-4.302,3.989,-6.229,325508,2017-03-13 23:26:26:223,,,,,,,,,,,,,,,,,,,,,,,,,,1,,,
-4.976,-1.623,-7.7,-0.889,-9.333,-6.092,326007,2017-03-13 23:26:26:722,,,,,,,,,,,,,,,,,,,,,,,,,,0,,,
-0.962,6.085,0.854,6.387,4.754,1.347,326508,2017-03-13 23:26:27:223,,,,,,,,,,,,,,,,,,,,,,,,,,0,,,
-8.825,14.084,4.295,-0.986,-6.974,-2.158,327007,2017-03-13 23:26:27:722,,,,,,,,,,,,,,,,,,,,,,,,,,1,,,
-4.663,3.606,-3.908,-3.485,7.864,7.423,327508,2017-03-13 23:26:28:223,,,,,,,,,,,,,,,,,,,,,,,,,,0,,,
2.026,7.703,4.827,-1.755,8.191,4.277,328007,2017-03-13 23:26:28:722,,,,,,,,,,,,,,,,,,,,,,,,,,0,,,
-5.892,9.82,5.018,-2.706,-5.315,-2.847,328508,2017-03-13 23:26:29:223,,,,,,,,,,,,,,,,,,,,,,,,,,1,,,
-3.249,5.381,3.203,8.702,1.851,12.122,329007,2017-03-13 23:26:29:722,,,,,,,,,,,,,,,,,,,,,,,,,,0,,,
3.425,7.246,8.403,2.981,5.336,1.901,329508,2017-03-13 23:26:30:223,,,,,,,,,,,,,,,,,,,,,,,,,,0,,,
-2.959,-1.199,-5.315,-4.757,-3.045,2.282,330009,2017-03-13 23:26:30:724,,,,,,,,,,,,,,,,,,,,,,,,,,0,,,
-10.242,19.878,12.386,9.783,-0.75,6.268,330508,2017-03-13 23:26:31:223,,,,,,,,,,,,,,,,,,,,,,,,,,1,,,
-2.942,12.214,-2.633,-7.518,7.49,3.613,331008,2017-03-13 23:26:31:723,,,,,,,,,,,,,,,,,,,,,,,,,,0,,,
-6.904,-0.509,-2.434,-0.093,-6.333,-0.503,331508,2017-03-13 23:26:32:223,,,,,,,,,,,,,,,,,,,,,,,,,,1,,,
7.162,6.398,5.691,10.038,-3.095,8.444,332008,2017-03-13 23:26:32:723,,,,,,,,,,,,,,,,,,,,,,,,,,0,,,
-20.199,17.893,4.397,-0.122,-8.15,5.177,332508,2017-03-13 23:26:33:223,,,,,,,,,,,,,,,,,,,,,,,,,,1,,,
-9.522,3.935,-3.117,-1.469,7.199,6.295,333008,2017-03-13 23:26:33:723,,,,,,,,,,,,,,,,,,,,,,,,,,1,,,
3.859,8.645,1.449,12.433,-1.209,5.121,333508,2017-03-13 23:26:34:223,,,,,,,,,,,,,,,,,,,,,,,,,,0,,,
-11.915,18.234,10.382,-3.482,0.71,-2.912,334008,2017-03-13 23:26:34:723,,,,,,,,,,,,,,,,,,,,,,,,,,1,,,
-5.831,5.451,0.261,2.701,12.583,8.068,334508,2017-03-13 23:26:35:223,,,,,,,,,,,,,,,,,,,,,,,,,,1,,,
6.645,4.798,-1.447,1.39,6.85,7.906,335007,2017-03-13 23:26:35:722,,,,,,,,,,,,,,,,,,,,,,,,,,0,,,
-5.623,7.413,-2.751,-0.557,-9.414,-5.344,335508,2017-03-13 23:26:36:223,,,,,,,,,,,,,,,,,,,,,,,,,,1,,,
-15.418,13.324,12.094,10.18,-2.908,7.211,336007,2017-03-13 23:26:36:722,,,,,,,,,,,,,,,,,,,,,,,,,,1,,,
-8.998,13.374,3.633,-7.799,7.4,3.474,336508,2017-03-13 23:26:37:223,,,,,,,,,,,,,,,,,,,,,,,,,,1,,,
-5.004,-1.617,-3.687,0.26,-6.956,-0.379,337007,2017-03-13 23:26:37:722,,,,,,,,,,,,,,,,,,,,,,,,,,1,,,
-9.94,16.968,3.97,11.759,0.563,6.417,337507,2017-03-13 23:26:38:222,,,,,,,,,,,,,,,,,,,,,,,,,,1,,,
-3.161,17.433,-0.754,0.274,-6.852,-3.331,338008,2017-03-13 23:26:38:723,,,,,,,,,,,,,,,,,,,,,,,,,,0,,,
-8.484,-0.884,-2.117,0.516,0.575,2.597,338508,2017-03-13 23:26:39:223,,,,,,,,,,,,,,,,,,,,,,,,,,1,,,
2.761,7.042,-2.096,13.26,1.192,3.13,339008,2017-03-13 23:26:39:723,,,,,,,,,,,,,,,,,,,,,,,,,,0,,,
-5.265,12.832,7.041,-4.723,5.488,6.794,339508,2017-03-13 23:26:40:223,,,,,,,,,,,,,,,,,,,,,,,,,,1,,,
-6.821,0.008,-4.789,2.041,-4.113,-1.807,340008,2017-03-13 23:26:40:723,,,,,,,,,,,,,,,,,,,,,,,,,,1,,,
8.615,11.418,5.355,0.613,5.419,0.947,340508,2017-03-13 23:26:41:223,,,,,,,,,,,,,,,,,,,,,,,,,,0,,,
-15.764,24.603,12.825,3.705,-14.595,-1.244,341007,2017-03-13 23:26:41:722,,,,,,,,,,,,,,,,,,,,,,,,,,1,,,
-6.282,4.877,-2.149,-4.911,6.689,8.884,341508,2017-03-13 23:26:42:223,,,,,,,,,,,,,,,,,,,,,,,,,,1,,,
5.226,4.987,1.501,-7.378,12.823,7.673,342008,2017-03-13 23:26:42:723,,,,,,,,,,,,,,,,,,,,,,,,,,0,,,
-4.827,-1.135,-10.136,0.363,-4.578,0.236,342508,2017-03-13 23:26:43:223,,,,,,,,,,,,,,,,,,,,,,,,,,0,,,
-6.275,2.735,-1.206,4.719,11.143,5.532,343008,2017-03-13 23:26:43:723,,,,,,,,,,,,,,,,,,,,,,,,,,1,,,
7,5.622,0.66,0.039,6.374,11.525,343507,2017-03-13 23:26:44:222,,,,,,,,,,,,,,,,,,,,,,,,,,0,,,
-3.955,-3.523,2.13,-6.476,-0.045,7.106,344008,2017-03-13 23:26:44:723,,,,,,,,,,,,,,,,,,,,,,,,,,0,,,
-12.769,22.528,7.144,12.278,-0.201,0.799,344507,2017-03-13 23:26:45:222,,,,,,,,,,,,,,,,,,,,,,,,,,1,,,
-8.906,17.399,5.517,-5.662,1.271,-0.203,345008,2017-03-13 23:26:45:723,,,,,,,,,,,,,,,,,,,,,,,,,,1,,,
-6.929,-3.379,-0.352,-0.545,-5.236,-2.666,345508,2017-03-13 23:26:46:223,,,,,,,,,,,,,,,,,,,,,,,,,,1,,,
5.232,4.394,2.411,12.594,-2.958,5.649,346007,2017-03-13 23:26:46:722,,,,,,,,,,,,,,,,,,,,,,,,,,0,,,
-13.525,12.281,-0.47,0.514,-11.237,-7.947,346507,2017-03-13 23:26:47:222,,,,,,,,,,,,,,,,,,,,,,,,,,1,,,
-9.85,6.75,1.597,-7.347,13.502,14.621,347008,2017-03-13 23:26:47:723,,,,,,,,,,,,,,,,,,,,,,,,,,1,,,
4.891,5.594,1.676,4.958,4.612,4.857,347508,2017-03-13 23:26:48:223,,,,,,,,,,,,,,,,,,,,,,,,,,0,,,
-11.874,14.438,-4.117,-0.712,-7.411,-3.297,348009,2017-03-13 23:26:48:724,,,,,,,,,,,,,,,,,,,,,,,,,,1,,,
-4.704,2.536,0.086,10.54,2.928,6.236,348508,2017-03-13 23:26:49:223,,,,,,,,,,,,,,,,,,,,,,,,,,0,,,
1.843,7.125,-1.254,-6.154,9.688,8.035,349008,2017-03-13 23:26:49:723,,,,,,,,,,,,,,,,,,,,,,,,,,0,,,
-13.148,3.588,7.79,0.524,-8.058,-9.655,349508,2017-03-13 23:26:50:223,,,,,,,,,,,,,,,,,,,,,,,,,,1,,,
0.572,18.98,11.209,14.016,-0.633,0.6,350008,2017-03-13 23:26:50:723,,,,,,,,,,,,,,,,,,,,,,,,,,0,,,
-12.325,14.859,8.682,-1.33,0.331,-1.108,350508,2017-03-13 23:26:51:223,,,,,,,,,,,,,,,,,,,,,,,,,,1,,,
-5.148,-1.813,-4.154,-6.777,2.52,7.417,351007,2017-03-13 23:26:51:722,,,,,,,,,,,,,,,,,,,,,,,,,,1,,,
-0.319,13.994,8.777,12.006,2.752,2.343,351508,2017-03-13 23:26:52:223,,,,,,,,,,,,,,,,,,,,,,,,,,0,,,
-19.626,14.695,4.953,-1.483,-4.528,-2.518,352008,2017-03-13 23:26:52:723,,,,,,,,,,,,,,,,,,,,,,,,,,1,,,
-8.857,6.374,-0.728,-1.946,14.148,9.024,352508,2017-03-13 23:26:53:223,,,,,,,,,,,,,,,,,,,,,,,,,,1,,,
3.772,9.485,2.37,1.705,8.034,6.65,353008,2017-03-13 23:26:53:723,,,,,,,,,,,,,,,,,,,,,,,,,,0,,,
-4.768,7.127,3.132,-2.28,-5.628,-1.681,353508,2017-03-13 23:26:54:223,,,,,,,,,,,,,,,,,,,,,,,,,,0,,,
-4.088,2.275,-1.125,-4.885,6.185,11.625,354007,2017-03-13 23:26:54:722,,,,,,,,,,,,,,,,,,,,,,,,,,0,,,
4.353,6.83,4.671,-0.401,5.264,7.292,354508,2017-03-13 23:26:55:223,,,,,,,,,,,,,,,,,,,,,,,,,,0,,,
-6.262,5.905,-0.903,-2.505,-5.132,-4.369,355008,2017-03-13 23:26:55:723,,,,,,,,,,,,,,,,,,,,,,,,,,1,,,
-7.632,19.941,15.793,11.534,1.73,6.918,355508,2017-03-13 23:26:56:223,,,,,,,,,,,,,,,,,,,,,,,,,,1,,,
-6.742,11.812,1.342,0.459,8.646,4.543,356007,2017-03-13 23:26:56:722,,,,,,,,,,,,,,,,,,,,,,,,,,1,,,
-5.618,1.227,-4.063,-5.056,1.801,6.723,356508,2017-03-13 23:26:57:223,,,,,,,,,,,,,,,,,,,,,,,,,,1,,,
-14.263,25.841,7.008,12.728,-0.207,3.485,357007,2017-03-13 23:26:57:722,,,,,,,,,,,,,,,,,,,,,,,,,,1,,,
-4.564,14.072,2.57,-6.848,6.789,-0.849,357508,2017-03-13 23:26:58:223,,,,,,,,,,,,,,,,,,,,,,,,,,0,,,
-7.355,1.07,-0.515,-0.52,15.968,10.39,358008,2017-03-13 23:26:58:723,,,,,,,,,,,,,,,,,,,,,,,,,,1,,,
5.934,2.469,0.513,0.646,-0.767,0.005,358508,2017-03-13 23:26:59:223,,,,,,,,,,,,,,,,,,,,,,,,,,0,,,
-10.91,15.313,-2.235,-2.585,-8.47,-2.849,359009,2017-03-13 23:26:59:724,,,,,,,,,,,,,,,,,,,,,,,,,,1,,,
-4.08,6.709,1.686,-5.444,6.997,8.388,359507,2017-03-13 23:27:00:222,,,,,,,,,,,,,,,,,,,,,,,,,,0,,,
3.509,5.282,-0.595,6.397,0.648,2.697,360008,2017-03-13 23:27:00:723,,,,,,,,,,,,,,,,,,,,,,,,,,0,,,
-12.872,14.186,-10.312,-1.425,-8.418,-0.822,360508,2017-03-13 23:27:01:223,,,,,,,,,,,,,,,,,,,,,,,,,,1,,,
-4.774,4.081,0.953,7.427,9.966,7.93,361007,2017-03-13 23:27:01:722,,,,,,,,,,,,,,,,,,,,,,,,,,0,,,
-0.577,5.711,0.017,2.412,7.822,5.957,361507,2017-03-13 23:27:02:222,,,,,,,,,,,,,,,,,,,,,,,,,,0,,,
-7.704,6.572,-1.837,-1.565,-9.335,-4.03,362008,2017-03-13 23:27:02:723,,,,,,,,,,,,,,,,,,,,,,,,,,1,,,
-9.597,11.843,10.567,12.667,-1.859,4.896,362507,2017-03-13 23:27:03:222,,,,,,,,,,,,,,,,,,,,,,,,,,1,,,
3.393,6.665,0.711,-4.953,4.319,-0.566,363008,2017-03-13 23:27:03:723,,,,,,,,,,,,,,,,,,,,,,,,,,0,,,
-4.662,-1.255,-6.537,-0.045,-4.349,-2.933,363507,2017-03-13 23:27:04:222,,,,,,,,,,,,,,,,,,,,,,,,,,0,,,
2.079,18.796,18.652,7.121,2.947,4.108,364008,2017-03-13 23:27:04:723,,,,,,,,,,,,,,,,,,,,,,,,,,0,,,
-0.828,10.825,6.221,-0.341,-5.614,-0.804,364508,2017-03-13 23:27:05:223,,,,,,,,,,,,,,,,,,,,,,,,,,0,,,
-3.955,2.694,0.79,-1.94,2.196,14.159,365008,2017-03-13 23:27:05:723,,,,,,,,,,,,,,,,,,,,,,,,,,0,,,
4.85,6.275,1.318,10.781,-0.627,2.985,365507,2017-03-13 23:27:06:222,,,,,,,,,,,,,,,,,,,,,,,,,,0,,,
-6.67,11.32,-2.276,-2.81,-2.628,-5.246,366008,2017-03-13 23:27:06:723,,,,,,,,,,,,,,,,,,,,,,,,,,1,,,
-0.88,8.221,11.393,9.102,-2.942,0.224,366508,2017-03-13 23:27:07:223,,,,,,,,,,,,,,,,,,,,,,,,,,0,,,
-0.374,9.196,-1.674,-0.704,8.525,2.599,367007,2017-03-13 23:27:07:722,,,,,,,,,,,,,,,,,,,,,,,,,,0,,,
-5.934,-1.962,-6.442,-4.599,-8.1,-6.633,367508,2017-03-13 23:27:08:223,,,,,,,,,,,,,,,,,,,,,,,,,,1,,,
-7.932,11.82,10.836,1.228,11.581,9.454,368008,2017-03-13 23:27:08:723,,,,,,,,,,,,,,,,,,,,,,,,,,1,,,
-4.168,10.63,2.037,-7.424,5.33,0.546,368507,2017-03-13 23:27:09:222,,,,,,,,,,,,,,,,,,,,,,,,,,0,,,
-8.859,1.726,-1.911,2.12,-2.75,0.453,369008,2017-03-13 23:27:09:723,,,,,,,,,,,,,,,,,,,,,,,,,,1,,,
8.224,5.156,4.686,11.339,-5.366,0.063,369508,2017-03-13 23:27:10:223,,,,,,,,,,,,,,,,,,,,,,,,,,0,,,
-22.113,14.696,8.264,-9.637,4.43,3.453,370008,2017-03-13 23:27:10:723,,,,,,,,,,,,,,,,,,,,,,,,,,1,,,
-2.604,-2.469,-5.207,-2.608,16.674,16.327,370508,2017-03-13 23:27:11:223,,,,,,,,,,,,,,,,,,,,,,,,,,0,,,
2.873,5.187,-4.051,3.566,5.957,7.216,371008,2017-03-13 23:27:11:723,,,,,,,,,,,,,,,,,,,,,,,,,,0,,,
-14.558,14.835,4.106,-2.021,-7.3,-4.345,371508,2017-03-13 23:27:12:223,,,,,,,,,,,,,,,,,,,,,,,,,,1,,,
-12.969,21.089,11.115,11.51,-2.848,5.174,372008,2017-03-13 23:27:12:723,,,,,,,,,,,,,,,,,,,,,,,,,,1,,,
5.11,5.259,-1.11,-6.813,12.415,5.748,372508,2017-03-13 23:27:13:223,,,,,,,,,,,,,,,,,,,,,,,,,,0,,,
-7.933,4.055,-3.809,0.135,-5.155,1.905,373008,2017-03-13 23:27:13:723,,,,,,,,,,,,,,,,,,,,,,,,,,1,,,
-13.258,24.195,14.058,11.117,2.172,3.534,373509,2017-03-13 23:27:14:224,,,,,,,,,,,,,,,,,,,,,,,,,,1,,,
-6.05,15.107,0.122,-1.377,10.88,9.976,374008,2017-03-13 23:27:14:723,,,,,,,,,,,,,,,,,,,,,,,,,,1,,,
-7.244,-3.21,-4.223,-7.116,0.74,4.154,374508,2017-03-13 23:27:15:223,,,,,,,,,,,,,,,,,,,,,,,,,,1,,,
-14.021,23.647,11.473,12.489,-3.572,3.432,375008,2017-03-13 23:27:15:723,,,,,,,,,,,,,,,,,,,,,,,,,,1,,,
-2.001,18.965,16.1,-5.784,4.732,2.837,375508,2017-03-13 23:27:16:223,,,,,,,,,,,,,,,,,,,,,,,,,,0,,,
-4.891,2.769,0.303,3.8,-6.203,2.406,376008,2017-03-13 23:27:16:723,,,,,,,,,,,,,,,,,,,,,,,,,,0,,,
3.827,7.348,6.671,1.623,-0.276,-1.769,376508,2017-03-13 23:27:17:223,,,,,,,,,,,,,,,,,,,,,,,,,,0,,,
-0.226,12.818,4.315,-1.662,-6.657,-2.537,377008,2017-03-13 23:27:17:723,,,,,,,,,,,,,,,,,,,,,,,,,,0,,,
-8.278,-0.827,-6.247,-3.127,0.036,7.572,377507,2017-03-13 23:27:18:222,,,,,,,,,,,,,,,,,,,,,,,,,,1,,,
7.201,5.809,-1.137,12.95,-0.164,0.197,378007,2017-03-13 23:27:18:722,,,,,,,,,,,,,,,,,,,,,,,,,,0,,,
-8.104,7.69,-1.801,-2.739,-10.376,-5.288,378508,2017-03-13 23:27:19:223,,,,,,,,,,,,,,,,,,,,,,,,,,1,,,
-4.77,4.968,3.854,-0.531,9.939,12.98,379007,2017-03-13 23:27:19:722,,,,,,,,,,,,,,,,,,,,,,,,,,0,,,
6.523,4.029,-4.444,1.996,8.203,8.89,379508,2017-03-13 23:27:20:223,,,,,,,,,,,,,,,,,,,,,,,,,,0,,,
-1.378,-0.565,-12.359,-2.723,-5.565,-3.78,380008,2017-03-13 23:27:20:723,,,,,,,,,,,,,,,,,,,,,,,,,,0,,,
-11.009,11.51,8.267,9.605,3.472,3.818,380507,2017-03-13 23:27:21:222,,,,,,,,,,,,,,,,,,,,,,,,,,1,,,
-11.848,11.206,0.511,-12.942,10.779,7.014,381008,2017-03-13 23:27:21:723,,,,,,,,,,,,,,,,,,,,,,,,,,1,,,
-4.716,-4.294,-8.742,-1.102,-5.754,-2,381507,2017-03-13 23:27:22:222,,,,,,,,,,,,,,,,,,,,,,,,,,0,,,
3.668,14.805,11.709,10.646,2.163,4.77,382007,2017-03-13 23:27:22:722,,,,,,,,,,,,,,,,,,,,,,,,,,0,,,
-2.1,12.568,6.762,-0.313,-2.493,-1.994,382507,2017-03-13 23:27:23:222,,,,,,,,,,,,,,,,,,,,,,,,,,0,,,
-4.495,4.715,-0.634,-0.092,1.84,4.216,383007,2017-03-13 23:27:23:722,,,,,,,,,,,,,,,,,,,,,,,,,,0,,,
3.061,9.63,6.193,7.205,-1.858,-1.171,383507,2017-03-13 23:27:24:222,,,,,,,,,,,,,,,,,,,,,,,,,,0,,,
-6.986,9.279,21.12,-0.761,7.629,-0.452,384008,2017-03-13 23:27:24:723,,,,,,,,,,,,,,,,,,,,,,,,,,1,,,
0.908,5.535,7.347,5.567,-0.801,6.388,384508,2017-03-13 23:27:25:223,,,,,,,,,,,,,,,,,,,,,,,,,,0,,,
0.745,3.738,6.049,0.322,0.355,0.773,385007,2017-03-13 23:27:25:722,,,,,,,,,,,,,,,,,,,,,,,,,,0,,,
0.55,6.484,5.948,2.86,0.148,-1.2,385508,2017-03-13 23:27:26:223,,,,,,,,,,,,,,,,,,,,,,,,,,0,,,
0.738,6.412,6.008,2.211,0.577,-0.965,386008,2017-03-13 23:27:26:723,,,,,,,,,,,,,,,,,,,,,,,,,,0,,,
1.482,5.429,6.414,0.945,0.341,1.114,386507,2017-03-13 23:27:27:222,,,,,,,,,,,,,,,,,,,,,,,,,,0,,,
-1.314,7.151,6.59,1.023,1.552,0.311,387007,2017-03-13 23:27:27:722,,,,,,,,,,,,,,,,,,,,,,,,,,0,,,
-0.161,6.487,5.57,-0.075,-0.102,-1.259,387507,2017-03-13 23:27:28:222,,,,,,,,,,,,,,,,,,,,,,,,,,0,,,
0.646,5.143,5.446,0.896,-0.047,1.75,388007,2017-03-13 23:27:28:722,,,,,,,,,,,,,,,,,,,,,,,,,,0,,,
0.768,5.216,9.114,1.305,1.388,0.64,388507,2017-03-13 23:27:29:222,,,,,,,,,,,,,,,,,,,,,,,,,,0,,,
-0.262,6.594,5.44,0.288,0.846,-1.795,389007,2017-03-13 23:27:29:722,,,,,,,,,,,,,,,,,,,,,,,,,,0,,,
0.422,4.578,6.283,0.582,0.4,1.538,389507,2017-03-13 23:27:30:222,,,,,,,,,,,,,,,,,,,,,,,,,,0,,,
0.086,4.846,6.821,-1.986,0.339,0.955,390007,2017-03-13 23:27:30:722,,,,,,,,,,,,,,,,,,,,,,,,,,0,,,
-1.923,6.627,6.111,-0.27,1.082,0.119,390507,2017-03-13 23:27:31:222,,,,,,,,,,,,,,,,,,,,,,,,,,0,,,
-1.389,7.581,4.112,0.067,0.815,-0.483,391007,2017-03-13 23:27:31:722,,,,,,,,,,,,,,,,,,,,,,,,,,0,,,
-0.934,6.653,5.854,0.001,0.558,-0.204,391508,2017-03-13 23:27:32:223,,,,,,,,,,,,,,,,,,,,,,,,,,0,,,
