ACCELEROMETER X (m/s²),ACCELEROMETER Y (m/s²),ACCELEROMETER Z (m/s²),LINEAR ACCELERATION X (m/s²),LINEAR ACCELERATION Y (m/s²),LINEAR ACCELERATION Z (m/s²),Time since start in ms ,YYYY-MO-DD HH-MI-SS_SSS,,,,,,,,,,,,,,,,,,,,,,,,,,,
-5.524,0.35,8.993,2.129,0.756,3.996,10,2017-03-13 23:32:00:423,,,,,,,,,,,,,,,,,,,,,,,,,,,
1.234,1.326,8.195,-1.939,-3.228,0.234,510,2017-03-13 23:32:00:923,,,,,,,,,,,,,,,,,,,,,,,,,,3.302015768,
6.12,2.436,9.033,-1.485,-0.128,1.56,1010,2017-03-13 23:32:01:423,,,,,,,,,,,,,,,,,,,,,,,,,,1.827806617,
11.029,0.442,0.026,6.591,-2.043,-2.928,1510,2017-03-13 23:32:01:923,,,,,,,,,,,,,,,,,,,,,,,,,,1.827806617,
7.491,5.594,7.806,-1.687,1.163,-1.423,2010,2017-03-13 23:32:02:423,,,,,,,,,,,,,,,,,,,,,,,,,,4.329700046,
2.996,3.64,3.893,0.175,-2.317,-2.025,2510,2017-03-13 23:32:02:923,,,,,,,,,,,2.298039936,1.431633482,3.005239614,,,0.516545492,0.778569895,1.01994912,,5.280987548,2.049574427,9.03146514,,,0.38655,5.72485,6.6114
5.522,6.533,7.687,2.097,2.777,4.575,3010,2017-03-13 23:32:03:423,,,,,,,,,,,4.346680633,2.693104693,2.706104098,,,0.125649539,-0.138150338,0.655650468,,18.89363253,7.25281289,7.32299939,,,4.19035,2.9409,7.0229
3.536,4.652,5.661,-0.993,-0.081,-0.698,3510,2017-03-13 23:32:03:923,,,,,,,,,,,1.574149462,2.502825269,1.933496819,,,-0.054892678,-0.433412995,0.09197274,,2.477946527,6.264134328,3.738409947,,,6.05585,2.03085,5.76045
7.061,7.535,5.214,1.877,1.435,0.09,4010,2017-03-13 23:32:04:423,,,,,,,,,,,2.497809853,1.717255991,5.056755862,,,0.545733816,-0.237083511,1.680756853,,6.23905406,2.94896814,25.57077985,,,3.1628,6.4324,7.37655
2.922,4.119,5.016,-0.124,-0.964,-0.707,4510,2017-03-13 23:32:04:923,,,,,,,,,,,4.069759844,1.948313951,6.122981753,,,0.33894611,0.844260364,1.066008407,,16.56294519,3.79592725,37.49090555,,,2.7161,4.1865,7.92245
2.901,7.849,10.502,-1.006,2.946,2.269,5010,2017-03-13 23:32:05:423,,,,,,,,,,,2.69410095,1.548092416,2.116527611,,,0.074569366,-0.475163728,-0.30227725,,7.258179927,2.396590128,4.479689128,,,6.05185,3.63335,5.75215
4.316,4.099,6.37,-0.183,-0.168,-0.473,5510,2017-03-13 23:32:05:923,,,,,,,,,,,2.18206495,1.75228172,3.421031062,,,0.681517263,0.128488199,0.382856682,,4.761407448,3.070491228,11.70345353,,,4.85505,5.52835,6.08135
8.523,8.537,10.411,-0.53,1.243,0.692,6010,2017-03-13 23:32:06:423,,,,,,,,,,,2.464619167,1.555980214,4.709961198,,,0.054973332,0.237958065,0.899649538,,6.07434764,2.421074428,22.18373449,,,2.6454,7.38665,6.6879
1.52,3.506,3.889,0.191,-1.068,-1.594,6510,2017-03-13 23:32:06:923,,,,,,,,,,,2.655650848,2.280180298,2.919750066,,,-1.076447081,-0.302954033,1.404611481,,7.052481428,5.19922219,8.524940447,,,4.28385,3.8221,6.80555
4.082,7.305,7.506,-1.85,3.103,0.989,7010,2017-03-13 23:32:07:423,,,,,,,,,,,2.813511754,2.036041254,2.699603556,,,2.95635484,0.46428252,0.175707667,,7.91584839,4.14546399,7.28785936,,,6.9211,2.7649,4.7412
3.244,5.18,3.879,-0.92,0.159,-1.708,7510,2017-03-13 23:32:07:923,,,,,,,,,,,2.418958914,1.392274851,4.621477506,,,0.618282265,-0.911712171,2.412930677,,5.851362228,1.93842926,21.35805434,,,5.18335,5.5522,4.8064
4.265,2.727,9.905,3.234,3.362,1.203,8010,2017-03-13 23:32:08:423,,,,,,,,,,,2.919959998,2.10855101,3.380759241,,,-0.372530044,-0.276734463,-0.757118363,,2224816612,2523560579,2907252473,,,2.98275,6.5602,4.29755
3.449,5.149,6.382,-0.768,-0.73,-3.704,8510,2017-03-13 23:32:08:923,,,,,,,,,,,2.059506676,2.266151501,2.390124099,,,0.357496726,0.307914093,1.250283186,,4.241567748,5.135442628,5.71269321,,,3.63145,4.36385,6.4747
4.584,1.374,9.79,3.213,0.599,4.556,9010,2017-03-13 23:32:09:423,,,,,,,,,,,1.732110628,1.331058146,2.015692918,,,0.694248614,-0.340880918,-0.577726333,,3.000207228,1.771715788,4.06301794,,,4.03085,4.34375,6.1984
2.644,5.18,6.029,-1.086,0.405,-0.973,9510,2017-03-13 23:32:09:923,,,,,,,,,,,3.849574302,2.040120889,3.325670727,,,-0.911042218,0.234764855,0.873301571,,14.81922231,4.16209324,11.06008579,,,2.7443,6.8854,6.49725
2.65,2.787,8.956,1.656,0.952,2.988,10010,2017-03-13 23:32:10:423,,,,,,,,,,,3.672913066,3.659655911,5.517137849,,,-0.954725503,0.228601139,0.680052932,,13.49029039,13.39308139,30.43881005,,,2.43075,5.98875,5.94255
2.003,6.317,6.311,-0.876,0.112,-2.29,10510,2017-03-13 23:32:10:923,,,,,,,,,,,3.344461928,2.002343139,2.797837974,,,-0.786903778,0.212365497,0.648441237,,11.18542559,4.009378047,7.827897327,,,6.0189,4.76195,6.33835
7.096,1.852,4.922,2.514,-3.12,2.223,11010,2017-03-13 23:32:11:423,,,,,,,,,,,2.169392285,2.184609811,1.407136809,,,-0.794886913,0.149610918,0.690062421,,4.706262888,4.772520028,1.980034,,,3.85225,4.85635,5.325
2.095,6.246,6.017,-1.016,0.908,-0.99,11510,2017-03-13 23:32:11:923,,,,,,,,,,,1.594353326,2.180795843,3.20672244,,,-0.661771337,0.127791798,0.532966427,,2.541962528,4.75587051,10.28306881,,,1.83335,6.0473,4.6187
4.099,1.664,8.711,2,2.128,5.111,12010,2017-03-13 23:32:12:423,,,,,,,,,,,2.555053935,1.774777802,3.055541914,,,-0.677564527,0.299636061,0.605760357,,6.52830061,3.149836247,9.33633639,,,2.4043,5.31645,5.0539
2.429,5.491,5.081,-1.634,-1.565,-1.663,12510,2017-03-13 23:32:12:923,,,,,,,,,,,3.015475113,2.548323196,3.291232053,,,-0.584720326,1.223514202,0.623795774,,9.09309016,6.49395111,10.83220843,,,3.7692,4.7473,6.79885
5.762,3.22,4.972,3.575,-1.727,5.309,13010,2017-03-13 23:32:13:423,,,,,,,,,,,1.734167854,1.708545569,2.527953065,,,-0.495953144,1.113180424,0.554331398,,3.007338148,2.91912796,6.3905467,,,3.02405,6.6988,5.073
2.222,4.148,4.995,1.096,-1.585,-1.898,13510,2017-03-13 23:32:13:923,,,,,,,,,,,4.505829384,2.495532669,3.683526643,,,-0.459710863,1.150998872,1.718230168,,20.30249844,6.2276833,13.56836853,,,1.0354,6.874,4.72185
2.32,4.93,5.397,-1.025,-0.248,-0.302,14010,2017-03-13 23:32:14:423,,,,,,,,,,,2.005825313,1.594238717,2.424723743,,,-0.261663633,0.892246266,1.643532598,,4.023335188,2.541597088,5.879285227,,,3.18825,2.66975,6.89965
2.01,6.159,4.775,-1.021,-0.009,1.365,14510,2017-03-13 23:32:14:923,,,,,,,,,,,,,,,,,,,,,,,,,,,
5.666,5.037,3.187,3.264,-0.626,-1.133,15010,2017-03-13 23:32:15:423,,,,,,,,,,,,,,,,,,,,,,,,,,,
-0.062,5.196,7.499,-0.964,-0.206,2.493,15510,2017-03-13 23:32:15:923,,,,,,,,,,,1.594238191,1.851452657,2.086084814,,,-0.107758159,-0.377894637,0.522730342,,2.54159541,3.42787694,4.35174985,,,4.7323,2.4886,7.4335
1.203,5.812,6.277,1.751,0.02,-2.535,16010,2017-03-13 23:32:16:423,,,,,,,,,,,1.253307608,1.010152335,3.085902339,,,-0.084407082,-0.599437383,0.451013743,,1.57077996,1.02040774,9.522793248,,,3.3182,5.4744,6.35995
0.604,12.323,3.9,0.329,-5.329,-4.549,16510,2017-03-13 23:32:16:923,,,,,,,,,,,2.580518775,2.424342506,4.040560616,,,-0.150521342,-0.703295114,0.353515706,,6.65907715,5.877436588,16.32613009,,,3.1755,6.31775,6.7171
0.354,6.519,8.158,-0.615,1.625,-0.007,17010,2017-03-13 23:32:17:423,,,,,,,,,,,2.263591606,1.695489814,4.302297658,,,-0.099183387,-0.893144621,0.567713073,,5.12384696,2.87468571,18.50976514,,,3.3788,4.7013,7.5504
3.376,7.005,5.119,0.252,0.78,0.506,17511,2017-03-13 23:32:17:924,,,,,,,,,,,2.279889385,2.250640964,2.177630848,,,-0.109477017,-0.84866505,0.568345869,,5.19789561,5.065384747,4.74207611,,,4.4303,3.53745,5.4573
0.503,7.009,5.196,-4.14,1.61,4.757,18010,2017-03-13 23:32:18:423,,,,,,,,,,,1.062036388,1.974004281,3.273090136,,,0.026182544,-0.842747667,0.703792872,,1.12792129,3.8966929,10.71311904,,,2.7441,5.848,3.7994
2.432,7.152,4.897,-0.025,0.399,-3.522,18511,2017-03-13 23:32:18:924,,,,,,,,,,,4.061940946,1.41597286,6.231181216,,,0.06979017,-0.921672261,0.853624635,,16.49936425,2.00497914,38.82761935,,,2.57045,5.9986,5.05405
3.427,11.902,9.822,0.148,-3.246,-2.835,19010,2017-03-13 23:32:19:423,,,,,,,,,,,2.063073893,1.984732214,2.755178783,,,0.297228575,-0.921630677,1.041738387,,4.25627389,3.93916196,7.591010127,,,4.5361,3.2562,6.80915
0.221,6.789,5.312,1.865,0.716,0.908,19510,2017-03-13 23:32:19:923,,,,,,,,,,,3.772861362,1.983394698,3.186704164,,,-0.157104109,-1.199634729,0.892135577,,14.23448286,3.933854528,10.15508343,,,5.8308,4.91335,5.11385
4.605,4.231,4.429,-0.769,0.291,-1.343,20010,2017-03-13 23:32:20:423,,,,,,,,,,,2.53856486,1.450347944,2.83060966,,,-0.479833271,-0.946972878,0.92813613,,6.444311548,2.10350916,8.012351048,,,2.02245,7.1742,4.84155
1.971,6.491,7.533,-1.129,0.198,0.485,20510,2017-03-13 23:32:20:923,,,,,,,,,,,,,,,,,,,,,,,,,,,
-0.396,6.615,6.263,-1.243,0.059,-1.102,21011,2017-03-13 23:32:21:424,,,,,,,,,,,,,,,,,,,,,,,,,,,
-0.852,6.712,3.461,-1.083,-3.159,-1.395,21510,2017-03-13 23:32:21:923,,,,,,,,,,,,,,,,,,,,,,,,,,,
-1.169,5.837,5.409,-0.064,-0.171,1.343,22010,2017-03-13 23:32:22:423,,,,,,,,,,,,,,,,,,,,,,,,,,,
6.035,7.312,2.298,4.117,0.475,-2.562,22511,2017-03-13 23:32:22:924,,,,,,,,,,,,,,,,,,,,,,,,,,,
0.529,6.393,7.655,-4.222,-0.015,0.435,23010,2017-03-13 23:32:23:423,,,,,,,,,,,,,,,,,,,,,,,,,,,
-0.995,6.217,4.966,-0.27,0.045,-2.602,23510,2017-03-13 23:32:23:923,,,,,,,,,,,,,,,,,,,,,,,,,,,
2.261,9.79,13.547,-1.915,1.755,-4.161,24010,2017-03-13 23:32:24:423,,,,,,,,,,,,,,,,,,,,,,,,,,,
1.137,5.867,4.882,-0.235,-1.108,-1.726,24510,2017-03-13 23:32:24:923,,,,,,,,,,,,,,,,,,,,,,,,,,,
1.274,5.518,2.817,0.255,-1.743,0.983,25010,2017-03-13 23:32:25:423,,,,,,,,,,,,,,,,,,,,,,,,,,,
-1.66,4.497,10.705,-0.868,0.969,-0.391,25510,2017-03-13 23:32:25:923,,,,,,,,,,,,,,,,,,,,,,,,,,,
0.603,5.807,6.086,-0.645,-0.025,-1.544,26010,2017-03-13 23:32:26:423,,,,,,,,,,,,,,,,,,,,,,,,,,,
-2.755,5.084,7.966,-1.33,0.478,-0.788,26510,2017-03-13 23:32:26:923,,,,,,,,,,,,,,,,,,,,,,,,,,,
-1.107,6.226,4.765,-0.52,0.239,-1.092,27010,2017-03-13 23:32:27:423,,,,,,,,,,,,,,,,,,,,,,,,,,,
-4.333,6.418,13.317,2.238,0.482,-6.405,27510,2017-03-13 23:32:27:923,,,,,,,,,,,,,,,,,,,,,,,,,,,
0.086,4.187,8.185,0.403,0.387,1.02,28010,2017-03-13 23:32:28:423,,,,,,,,,,,,,,,,,,,,,,,,,,,
0.338,3.938,5.459,0.366,-2.308,-1.461,28512,2017-03-13 23:32:28:925,,,,,,,,,,,,,,,,,,,,,,,,,,,
-0.013,3.741,7.711,0.056,-0.067,-0.743,29010,2017-03-13 23:32:29:423,,,,,,,,,,,,,,,,,,,,,,,,,,,
2.172,3.616,4.774,-0.417,-0.555,-0.445,29511,2017-03-13 23:32:29:924,,,,,,,,,,,,,,,,,,,,,,,,,,,
0.3,5.047,7.992,-1.413,-0.918,2.607,30010,2017-03-13 23:32:30:423,,,,,,,,,,,,,,,,,,,,,,,,,,,
0.652,6.575,4.619,0.871,-0.16,-3.046,30510,2017-03-13 23:32:30:923,,,,,,,,,,,,,,,,,,,,,,,,,,,
-3.759,6.743,12.21,-2.927,0.567,-3.982,31010,2017-03-13 23:32:31:423,,,,,,,,,,,,,,,,,,,,,,,,,,,
1.582,5.007,11.844,0.968,-0.782,0.209,31510,2017-03-13 23:32:31:923,,,,,,,,,,,,,,,,,,,,,,,,,,,
-0.129,5.381,10.246,-1.327,0.583,0.585,32010,2017-03-13 23:32:32:423,,,,,,,,,,,,,,,,,,,,,,,,,,,
-2.551,4.626,6.997,-0.269,-1.879,-0.276,32510,2017-03-13 23:32:32:923,,,,,,,,,,,,,,,,,,,,,,,,,,,
-1.323,6.229,5.068,-1.24,1.3,0.049,33010,2017-03-13 23:32:33:423,,,,,,,,,,,,,,,,,,,,,,,,,,,
6.006,6.57,9.656,-0.665,-1.493,-3.477,33510,2017-03-13 23:32:33:923,,,,,,,,,,,,,,,,,,,,,,,,,,,
5.197,0.74,10.649,3.195,0.533,1.869,34010,2017-03-13 23:32:34:423,,,,,,,,,,,,,,,,,,,,,,,,,,,
3.268,1.426,6.243,-0.046,-2.284,-0.612,34510,2017-03-13 23:32:34:923,,,,,,,,,,,,,,,,,,,,,,,,,,,
7.934,3.169,6.994,0.447,2.01,2.519,35010,2017-03-13 23:32:35:423,,,,,,,,,,,,,,,,,,,,,,,,,,,
7.868,0.528,5.631,0.723,-0.216,0.586,35510,2017-03-13 23:32:35:923,,,,,,,,,,,,,,,,,,,,,,,,,,,
14.48,0.45,10.101,0.749,0.989,-1.176,36010,2017-03-13 23:32:36:423,,,,,,,,,,,,,,,,,,,,,,,,,,,
4.769,0.631,3.527,-1.86,-1.029,-0.347,36510,2017-03-13 23:32:36:923,,,,,,,,,,,,,,,,,,,,,,,,,,,
4.258,3.706,5.141,-0.147,0.293,-0.56,37010,2017-03-13 23:32:37:423,,,,,,,,,,,,,,,,,,,,,,,,,,,
7.753,-1.767,4.912,3.752,-1.002,-2.527,37510,2017-03-13 23:32:37:923,,,,,,,,,,,,,,,,,,,,,,,,,,,
5.717,1.894,5.028,-1.299,0.259,0.375,38010,2017-03-13 23:32:38:423,,,,,,,,,,,,,,,,,,,,,,,,,,,
8.777,0.386,4.064,2.346,-1.754,2.141,38510,2017-03-13 23:32:38:923,,,,,,,,,,,,,,,,,,,,,,,,,,,
6.364,3.114,5.048,-1.133,-0.093,-2.46,39010,2017-03-13 23:32:39:423,,,,,,,,,,,,,,,,,,,,,,,,,,,
6.644,-1.637,4.488,4.439,1.164,0.364,39510,2017-03-13 23:32:39:923,,,,,,,,,,,,,,,,,,,,,,,,,,,
5.988,3.614,5.176,-1.934,-0.486,0.406,40010,2017-03-13 23:32:40:423,,,,,,,,,,,,,,,,,,,,,,,,,,,
9.362,-1.152,9.712,2.918,-1.244,2.316,40510,2017-03-13 23:32:40:923,,,,,,,,,,,,,,,,,,,,,,,,,,,
6.422,2.918,6.051,-1.944,0.337,-1.695,41010,2017-03-13 23:32:41:423,,,,,,,,,,,,,,,,,,,,,,,,,,,
5.603,0.176,4.056,3.876,-2.376,4.973,41510,2017-03-13 23:32:41:923,,,,,,,,,,,,,,,,,,,,,,,,,,,
7.113,6.513,3.42,-2.999,-0.812,-0.184,42010,2017-03-13 23:32:42:423,,,,,,,,,,,,,,,,,,,,,,,,,,,
4.378,1.116,8.022,-0.498,-2.191,-1.706,42510,2017-03-13 23:32:42:923,,,,,,,,,,,,,,,,,,,,,,,,,,,
5.843,5.096,3.8,-0.75,-0.238,-1.965,43010,2017-03-13 23:32:43:423,,,,,,,,,,,,,,,,,,,,,,,,,,,
8.127,-0.484,2.067,0.97,-1.948,2.038,43510,2017-03-13 23:32:43:923,,,,,,,,,,,,,,,,,,,,,,,,,,,
5.898,4.045,5.913,-1.824,0.045,-0.573,44011,2017-03-13 23:32:44:424,,,,,,,,,,,,,,,,,,,,,,,,,,,
6.308,1.3,4.555,1.047,-1.693,2.522,44510,2017-03-13 23:32:44:923,,,,,,,,,,,,,,,,,,,,,,,,,,,
5.277,3.957,4.807,-1.676,-2.09,-3.314,45010,2017-03-13 23:32:45:423,,,,,,,,,,,,,,,,,,,,,,,,,,,
7.21,-3.293,8.715,3.391,-2.768,0.728,45511,2017-03-13 23:32:45:924,,,,,,,,,,,,,,,,,,,,,,,,,,,
2.922,3.125,7.132,-1.253,-1.195,1.009,46010,2017-03-13 23:32:46:423,,,,,,,,,,,,,,,,,,,,,,,,,,,
6.807,-0.828,4.299,2.832,-4.81,-0.718,46510,2017-03-13 23:32:46:923,,,,,,,,,,,,,,,,,,,,,,,,,,,
4.608,3.774,7.023,0.593,-0.803,-1.691,47010,2017-03-13 23:32:47:423,,,,,,,,,,,,,,,,,,,,,,,,,,,
8.52,-1.785,3.263,0.419,-6.317,-0.345,47510,2017-03-13 23:32:47:923,,,,,,,,,,,,,,,,,,,,,,,,,,,
3.022,1.703,6.799,-2.511,-0.605,1.017,48010,2017-03-13 23:32:48:423,,,,,,,,,,,,,,,,,,,,,,,,,,,
5.58,3.097,7.065,-0.261,-0.05,-1.295,48510,2017-03-13 23:32:48:923,,,,,,,,,,,,,,,,,,,,,,,,,,,
6.013,4.182,7.09,1.151,0.416,-2.387,49010,2017-03-13 23:32:49:423,,,,,,,,,,,,,,,,,,,,,,,,,,,
6.116,3.543,6.244,2.607,0.988,0.688,49511,2017-03-13 23:32:49:924,,,,,,,,,,,,,,,,,,,,,,,,,,,
8.422,3.608,3.655,2.211,-0.549,-0.752,50010,2017-03-13 23:32:50:423,,,,,,,,,,,,,,,,,,,,,,,,,,,
2.606,7.279,8.085,-3.488,2.018,-1.565,50510,2017-03-13 23:32:50:923,,,,,,,,,,,,,,,,,,,,,,,,,,,
4.38,4.648,6.772,3.605,-2.026,1.858,51010,2017-03-13 23:32:51:423,,,,,,,,,,,,,,,,,,,,,,,,,,,
5.617,3.467,5.424,1.727,-1.059,-0.188,51510,2017-03-13 23:32:51:923,,,,,,,,,,,,,,,,,,,,,,,,,,,
2.939,3.716,0.366,-1.227,-0.345,2.165,52010,2017-03-13 23:32:52:423,,,,,,,,,,,,,,,,,,,,,,,,,,,
2.038,4.898,5.513,0.02,-0.149,-1.278,52511,2017-03-13 23:32:52:924,,,,,,,,,,,,,,,,,,,,,,,,,,,
6.242,7.033,7.615,-1.972,-0.168,-0.915,53010,2017-03-13 23:32:53:423,,,,,,,,,,,,,,,,,,,,,,,,,,,
2.382,9.557,8.548,4.161,2.465,16.286,53510,2017-03-13 23:32:53:923,,,,,,,,,,,,,,,,,,,,,,,,,,,
-0.749,8.035,8.686,0.74,-3.677,-2.075,54010,2017-03-13 23:32:54:423,,,,,,,,,,,,,,,,,,,,,,,,,,,
4.154,7.895,5.782,5.235,3.434,-1.458,54510,2017-03-13 23:32:54:923,,,,,,,,,,,,,,,,,,,,,,,,,,,
1.596,8.211,5.106,-1.648,-0.253,1.208,55010,2017-03-13 23:32:55:423,,,,,,,,,,,,,,,,,,,,,,,,,,,
3.49,8.109,23.17,0.407,0.869,-5.048,55511,2017-03-13 23:32:55:924,,,,,,,,,,,,,,,,,,,,,,,,,,,
1.881,5.878,7.923,-1.81,-1.037,1.843,56011,2017-03-13 23:32:56:424,,,,,,,,,,,,,,,,,,,,,,,,,,,
1.249,5.386,7.55,-5.078,0.562,-0.759,56510,2017-03-13 23:32:56:923,,,,,,,,,,,,,,,,,,,,,,,,,,,
-0.228,6.064,6.214,-0.12,-0.269,-3.651,57011,2017-03-13 23:32:57:424,,,,,,,,,,,,,,,,,,,,,,,,,,,
2.014,7.053,5.258,-0.408,0.444,-0.406,57510,2017-03-13 23:32:57:923,,,,,,,,,,,,,,,,,,,,,,,,,,,
5.23,8.047,16.831,-2.551,-0.685,-4.286,58010,2017-03-13 23:32:58:423,,,,,,,,,,,,,,,,,,,,,,,,,,,
-0.341,5.82,2.971,0.471,-2.123,-0.231,58510,2017-03-13 23:32:58:923,,,,,,,,,,,,,,,,,,,,,,,,,,,
8.026,8.04,11.572,2.236,-0.103,-4.22,59010,2017-03-13 23:32:59:423,,,,,,,,,,,,,,,,,,,,,,,,,,,
2.308,5.904,0.49,-0.758,-0.927,0.753,59510,2017-03-13 23:32:59:923,,,,,,,,,,,,,,,,,,,,,,,,,,,
7.185,8.896,3.533,1.516,1.546,1.001,60010,2017-03-13 23:33:00:423,,,,,,,,,,,,,,,,,,,,,,,,,,,
-0.055,3.592,9.401,4.184,1.818,7.871,60511,2017-03-13 23:33:00:924,,,,,,,,,,,,,,,,,,,,,,,,,,,
-3.385,4.411,9.164,-2.18,-0.881,0.96,61010,2017-03-13 23:33:01:423,,,,,,,,,,,,,,,,,,,,,,,,,,,
-2.059,6.21,13.091,2.463,3.774,3.662,61510,2017-03-13 23:33:01:923,,,,,,,,,,,,,,,,,,,,,,,,,,,
3.004,3.687,3.347,6.852,-0.672,0.382,62010,2017-03-13 23:33:02:423,,,,,,,,,,,,,,,,,,,,,,,,,,,
0.489,3.092,10.866,-0.009,0.751,1.141,62510,2017-03-13 23:33:02:923,,,,,,,,,,,,,,,,,,,,,,,,,,,
-0.658,6.613,5.031,-3.084,-0.48,0.986,63010,2017-03-13 23:33:03:423,,,,,,,,,,,,,,,,,,,,,,,,,,,
0.821,5.002,17.497,1.592,0.755,6.575,63510,2017-03-13 23:33:03:923,,,,,,,,,,,,,,,,,,,,,,,,,,,
-1.828,3.747,-2.328,2.791,-1.7,1.574,64010,2017-03-13 23:33:04:423,,,,,,,,,,,,,,,,,,,,,,,,,,,
-3.184,6.507,2.76,0.202,-1.837,0.288,64510,2017-03-13 23:33:04:923,,,,,,,,,,,,,,,,,,,,,,,,,,,
8.772,7.31,25.457,-1.644,-6.054,-6.266,65010,2017-03-13 23:33:05:423,,,,,,,,,,,,,,,,,,,,,,,,,,,
4.148,2.095,9.014,-3.078,-0.567,6.197,65510,2017-03-13 23:33:05:923,,,,,,,,,,,,,,,,,,,,,,,,,,,
3.259,3.815,6.675,-0.087,-1.485,1.905,66010,2017-03-13 23:33:06:423,,,,,,,,,,,,,,,,,,,,,,,,,,,
4.134,2.82,7.736,-1.339,0.094,-0.106,66510,2017-03-13 23:33:06:923,,,,,,,,,,,,,,,,,,,,,,,,,,,
0.771,1.669,5.482,0.14,-1.502,2.42,67011,2017-03-13 23:33:07:424,,,,,,,,,,,,,,,,,,,,,,,,,,,
10.384,2.022,13.695,2.432,0.199,-2.399,67510,2017-03-13 23:33:07:923,,,,,,,,,,,,,,,,,,,,,,,,,,,
4.728,4.493,7.125,-0.611,0.587,-0.182,68011,2017-03-13 23:33:08:424,,,,,,,,,,,,,,,,,,,,,,,,,,,
6.342,2.007,7.627,2.395,-0.788,3.799,68510,2017-03-13 23:33:08:923,,,,,,,,,,,,,,,,,,,,,,,,,,,
1.908,3.186,3.82,-1.968,-2.705,-1.854,69010,2017-03-13 23:33:09:423,,,,,,,,,,,,,,,,,,,,,,,,,,,
9.546,2.556,-0.544,1.984,-1.999,-3.154,69510,2017-03-13 23:33:09:923,,,,,,,,,,,,,,,,,,,,,,,,,,,
1.863,5.06,6.224,-0.556,1.079,-2.898,70011,2017-03-13 23:33:10:424,,,,,,,,,,,,,,,,,,,,,,,,,,,
4.317,2.707,5.859,5.408,0.762,6.57,70511,2017-03-13 23:33:10:924,,,,,,,,,,,,,,,,,,,,,,,,,,,
2.203,4.885,7.337,0.626,0.709,-1.58,71010,2017-03-13 23:33:11:423,,,,,,,,,,,,,,,,,,,,,,,,,,,
0.711,5.873,9.773,-1.132,2.008,-0.058,71510,2017-03-13 23:33:11:923,,,,,,,,,,,,,,,,,,,,,,,,,,,
3.162,2.846,3.608,1.139,0.291,2.021,72011,2017-03-13 23:33:12:424,,,,,,,,,,,,,,,,,,,,,,,,,,,
6.921,4.739,6.889,-0.444,2.531,0.258,72510,2017-03-13 23:33:12:923,,,,,,,,,,,,,,,,,,,,,,,,,,,
8.258,0.849,9.077,2.426,-2.059,4.181,73012,2017-03-13 23:33:13:425,,,,,,,,,,,,,,,,,,,,,,,,,,,
5.674,4.647,3.982,-0.341,0.415,-1.332,73510,2017-03-13 23:33:13:923,,,,,,,,,,,,,,,,,,,,,,,,,,,
7.595,2.102,6.281,1.469,2.287,4.669,74010,2017-03-13 23:33:14:423,,,,,,,,,,,,,,,,,,,,,,,,,,,
6.615,3.819,4.588,-1.082,0.341,-1.703,74510,2017-03-13 23:33:14:923,,,,,,,,,,,,,,,,,,,,,,,,,,,
10.782,5.227,8.341,0.201,1.084,-1.268,75010,2017-03-13 23:33:15:423,,,,,,,,,,,,,,,,,,,,,,,,,,,
5.334,3.137,6.147,-0.232,-2.049,0.493,75510,2017-03-13 23:33:15:923,,,,,,,,,,,,,,,,,,,,,,,,,,,
6.04,5.099,5.292,-0.876,1.325,-0.693,76010,2017-03-13 23:33:16:423,,,,,,,,,,,,,,,,,,,,,,,,,,,
5.592,0.755,0.517,5.392,-3.565,-4.446,76510,2017-03-13 23:33:16:923,,,,,,,,,,,,,,,,,,,,,,,,,,,
5.968,4.467,3.292,-0.626,1.572,0.208,77010,2017-03-13 23:33:17:423,,,,,,,,,,,,,,,,,,,,,,,,,,,
8.001,2.555,7.506,1.677,-0.163,0.532,77511,2017-03-13 23:33:17:924,,,,,,,,,,,,,,,,,,,,,,,,,,,
6.349,4.881,4.044,-0.886,0.324,-0.935,78010,2017-03-13 23:33:18:423,,,,,,,,,,,,,,,,,,,,,,,,,,,
11.971,2.431,5.623,4.256,-0.34,0.883,78511,2017-03-13 23:33:18:924,,,,,,,,,,,,,,,,,,,,,,,,,,,
6.073,5.184,4.313,-1.363,-0.266,2.039,79010,2017-03-13 23:33:19:423,,,,,,,,,,,,,,,,,,,,,,,,,,,
7.608,1.404,6.35,3.855,-0.566,1.97,79510,2017-03-13 23:33:19:923,,,,,,,,,,,,,,,,,,,,,,,,,,,
6.69,4.045,6.407,-2.399,-0.662,-1.708,80011,2017-03-13 23:33:20:424,,,,,,,,,,,,,,,,,,,,,,,,,,,
5.876,5.96,11.222,-0.285,2.286,1.205,80510,2017-03-13 23:33:20:923,,,,,,,,,,,,,,,,,,,,,,,,,,,
4.308,2.964,5.988,-1.211,-1.171,-3.363,81011,2017-03-13 23:33:21:424,,,,,,,,,,,,,,,,,,,,,,,,,,,
9.61,5.551,5.682,2.524,1.854,1.152,81510,2017-03-13 23:33:21:923,,,,,,,,,,,,,,,,,,,,,,,,,,,
5.537,4.408,3.06,0.088,-0.409,-1.948,82011,2017-03-13 23:33:22:424,,,,,,,,,,,,,,,,,,,,,,,,,,,
7.503,2.796,8.616,-0.394,3.786,3.3,82510,2017-03-13 23:33:22:923,,,,,,,,,,,,,,,,,,,,,,,,,,,
2.619,4.018,4.289,-0.185,1.238,0.6,83010,2017-03-13 23:33:23:423,,,,,,,,,,,,,,,,,,,,,,,,,,,
4.868,4.57,6.062,-0.024,0.301,-0.679,83510,2017-03-13 23:33:23:923,,,,,,,,,,,,,,,,,,,,,,,,,,,
6.572,5.398,5.288,4.011,1.607,-1.496,84011,2017-03-13 23:33:24:424,,,,,,,,,,,,,,,,,,,,,,,,,,,
4.02,7.194,5.974,0.111,1.107,-2.415,84510,2017-03-13 23:33:24:923,,,,,,,,,,,,,,,,,,,,,,,,,,,
1.717,4.536,-1.695,3.268,-4.788,-4.38,85010,2017-03-13 23:33:25:423,,,,,,,,,,,,,,,,,,,,,,,,,,,
4.834,5.782,4.748,0.449,0.145,1.783,85510,2017-03-13 23:33:25:923,,,,,,,,,,,,,,,,,,,,,,,,,,,
3.318,6.442,3.742,2.104,-0.394,-0.752,86010,2017-03-13 23:33:26:423,,,,,,,,,,,,,,,,,,,,,,,,,,,
5.134,2.686,5.069,1.356,-0.532,-0.634,86511,2017-03-13 23:33:26:924,,,,,,,,,,,,,,,,,,,,,,,,,,,
2.519,6.289,6.164,-0.354,0.841,-2.919,87010,2017-03-13 23:33:27:423,,,,,,,,,,,,,,,,,,,,,,,,,,,
3.3,8.401,1.8,-2.485,-1.172,-1.929,87511,2017-03-13 23:33:27:924,,,,,,,,,,,,,,,,,,,,,,,,,,,
2.649,7.829,7.093,-0.232,0.529,0.41,88011,2017-03-13 23:33:28:424,,,,,,,,,,,,,,,,,,,,,,,,,,,
9.26,8.872,14.124,-5.564,-1.673,-2.513,88510,2017-03-13 23:33:28:923,,,,,,,,,,,,,,,,,,,,,,,,,,,
2.154,5.741,5.983,-0.323,-2.776,-1.159,89011,2017-03-13 23:33:29:424,,,,,,,,,,,,,,,,,,,,,,,,,,,
4.613,7.085,12.011,3.5,-2.41,6.998,89510,2017-03-13 23:33:29:923,,,,,,,,,,,,,,,,,,,,,,,,,,,
3.002,8.384,0.42,-0.409,-0.862,-0.801,90010,2017-03-13 23:33:30:423,,,,,,,,,,,,,,,,,,,,,,,,,,,
1.463,8.657,3.923,-0.253,-0.455,-0.632,90511,2017-03-13 23:33:30:924,,,,,,,,,,,,,,,,,,,,,,,,,,,
0.412,7.295,1.419,-1.353,-0.989,-1.664,91010,2017-03-13 23:33:31:423,,,,,,,,,,,,,,,,,,,,,,,,,,,
5.865,10.087,14.042,-0.86,6.028,-3.193,91511,2017-03-13 23:33:31:924,,,,,,,,,,,,,,,,,,,,,,,,,,,
-0.446,6.991,8.216,3.018,-1.422,1.998,92010,2017-03-13 23:33:32:423,,,,,,,,,,,,,,,,,,,,,,,,,,,
2.9,5.358,-0.543,-2.093,-2.211,1.493,92511,2017-03-13 23:33:32:924,,,,,,,,,,,,,,,,,,,,,,,,,,,
3.731,4.513,5.701,1.726,-1.948,-0.773,93010,2017-03-13 23:33:33:423,,,,,,,,,,,,,,,,,,,,,,,,,,,
6.43,6.983,5.311,-1.038,-0.221,-0.456,93510,2017-03-13 23:33:33:923,,,,,,,,,,,,,,,,,,,,,,,,,,,
4.773,9.156,4.473,-2.001,1.17,5.857,94010,2017-03-13 23:33:34:423,,,,,,,,,,,,,,,,,,,,,,,,,,,
0.21,8.049,6.334,-4.442,0.477,1.615,94511,2017-03-13 23:33:34:924,,,,,,,,,,,,,,,,,,,,,,,,,,,
3.07,5.467,4.424,3.208,-1.042,0.682,95010,2017-03-13 23:33:35:423,,,,,,,,,,,,,,,,,,,,,,,,,,,
2.21,6.891,4.818,-1.068,0.376,-0.363,95510,2017-03-13 23:33:35:923,,,,,,,,,,,,,,,,,,,,,,,,,,,
3.577,8.802,14.666,2.39,5.984,-0.973,96010,2017-03-13 23:33:36:423,,,,,,,,,,,,,,,,,,,,,,,,,,,
-2.488,6.946,8.39,-2.811,0.117,1.794,96510,2017-03-13 23:33:36:923,,,,,,,,,,,,,,,,,,,,,,,,,,,
7.723,6.457,4.117,2.302,1.124,6.762,97010,2017-03-13 23:33:37:423,,,,,,,,,,,,,,,,,,,,,,,,,,,
2.356,6.153,4.526,1.672,1.406,-2.143,97511,2017-03-13 23:33:37:924,,,,,,,,,,,,,,,,,,,,,,,,,,,
2.163,10.441,18.143,-4.017,-5.731,-5.544,98011,2017-03-13 23:33:38:424,,,,,,,,,,,,,,,,,,,,,,,,,,,
-0.514,6.112,7.944,1.373,-1.297,0.005,98510,2017-03-13 23:33:38:923,,,,,,,,,,,,,,,,,,,,,,,,,,,
1.709,8.67,12.245,-1.317,-1.713,-1.676,99010,2017-03-13 23:33:39:423,,,,,,,,,,,,,,,,,,,,,,,,,,,
4.762,6.321,5.189,1.41,0.639,-3.135,99510,2017-03-13 23:33:39:923,,,,,,,,,,,,,,,,,,,,,,,,,,,
-4.092,7.828,15.709,-5.964,2.154,-1.433,100010,2017-03-13 23:33:40:423,,,,,,,,,,,,,,,,,,,,,,,,,,,
3.212,5.881,6.299,2.094,-1.875,-2.192,100510,2017-03-13 23:33:40:923,,,,,,,,,,,,,,,,,,,,,,,,,,,
4.322,7.264,6.946,-1.611,1.62,1.989,101010,2017-03-13 23:33:41:423,,,,,,,,,,,,,,,,,,,,,,,,,,,
3.705,5.376,4.244,1.591,-0.05,1.702,101511,2017-03-13 23:33:41:924,,,,,,,,,,,,,,,,,,,,,,,,,,,
5.084,3.602,5.251,1.937,-1.708,-1.553,102010,2017-03-13 23:33:42:423,,,,,,,,,,,,,,,,,,,,,,,,,,,
3.81,2.443,2.264,3.765,-1.837,6.393,102510,2017-03-13 23:33:42:923,,,,,,,,,,,,,,,,,,,,,,,,,,,
2.118,5.988,8.911,0.308,1.178,0.17,103010,2017-03-13 23:33:43:423,,,,,,,,,,,,,,,,,,,,,,,,,,,
3.997,2.599,6.798,-0.153,-1.566,-4.455,103511,2017-03-13 23:33:43:924,,,,,,,,,,,,,,,,,,,,,,,,,,,
8.781,4.168,10.315,5.454,0.568,4.482,104011,2017-03-13 23:33:44:424,,,,,,,,,,,,,,,,,,,,,,,,,,,
1.75,2.442,6.784,-1.23,-0.324,-2.486,104510,2017-03-13 23:33:44:923,,,,,,,,,,,,,,,,,,,,,,,,,,,
6.805,6.097,8.01,-0.862,0.982,-0.643,105011,2017-03-13 23:33:45:424,,,,,,,,,,,,,,,,,,,,,,,,,,,
4.669,0.056,6.219,0.467,-2.73,-2.053,105511,2017-03-13 23:33:45:924,,,,,,,,,,,,,,,,,,,,,,,,,,,
5.047,4.351,5.22,-0.543,1.02,-1.057,106010,2017-03-13 23:33:46:423,,,,,,,,,,,,,,,,,,,,,,,,,,,
4.215,1.087,8.502,-0.287,-2.925,1.969,106510,2017-03-13 23:33:46:923,,,,,,,,,,,,,,,,,,,,,,,,,,,
3.812,3.919,4.544,-0.112,-0.138,-1.117,107010,2017-03-13 23:33:47:423,,,,,,,,,,,,,,,,,,,,,,,,,,,
9.388,-0.926,3.627,1.874,-2.068,2.631,107511,2017-03-13 23:33:47:924,,,,,,,,,,,,,,,,,,,,,,,,,,,
5.292,3.738,4.733,-0.245,-0.746,-0.414,108010,2017-03-13 23:33:48:423,,,,,,,,,,,,,,,,,,,,,,,,,,,
4.859,5.194,5.338,-0.507,0.478,0.109,108511,2017-03-13 23:33:48:924,,,,,,,,,,,,,,,,,,,,,,,,,,,
3.366,1.079,10.634,1.044,-1.969,1.592,109010,2017-03-13 23:33:49:423,,,,,,,,,,,,,,,,,,,,,,,,,,,
5.537,4.256,5.763,-0.123,1.554,-1.357,109510,2017-03-13 23:33:49:923,,,,,,,,,,,,,,,,,,,,,,,,,,,
6.365,-0.583,3.813,2.229,1.678,1.786,110011,2017-03-13 23:33:50:424,,,,,,,,,,,,,,,,,,,,,,,,,,,
5.562,2.086,1.527,-0.892,-0.408,-0.838,110510,2017-03-13 23:33:50:923,,,,,,,,,,,,,,,,,,,,,,,,,,,
17.73,1.748,6.726,1.663,1.667,1.612,111011,2017-03-13 23:33:51:424,,,,,,,,,,,,,,,,,,,,,,,,,,,
6.37,1.9,-0.468,0.547,-0.005,2.377,111511,2017-03-13 23:33:51:924,,,,,,,,,,,,,,,,,,,,,,,,,,,
9.242,7.542,3.544,1.101,3.712,-1.563,112013,2017-03-13 23:33:52:426,,,,,,,,,,,,,,,,,,,,,,,,,,,
6.87,1.56,1.205,1.716,-2.659,-0.286,112510,2017-03-13 23:33:52:923,,,,,,,,,,,,,,,,,,,,,,,,,,,
7.648,5.156,2.817,-0.029,0.783,0.234,113010,2017-03-13 23:33:53:423,,,,,,,,,,,,,,,,,,,,,,,,,,,
5.463,-0.736,9.067,2.333,-3.675,2.952,113511,2017-03-13 23:33:53:924,,,,,,,,,,,,,,,,,,,,,,,,,,,
6.153,3.024,9.048,-1.345,0.46,-1.629,114011,2017-03-13 23:33:54:424,,,,,,,,,,,,,,,,,,,,,,,,,,,
8.878,1.393,9.328,-1.354,1.585,1.51,114510,2017-03-13 23:33:54:923,,,,,,,,,,,,,,,,,,,,,,,,,,,
6.95,2.142,3.056,-1.891,-0.742,-0.6,115010,2017-03-13 23:33:55:423,,,,,,,,,,,,,,,,,,,,,,,,,,,
7.812,3.813,4.954,-0.256,1.726,-0.156,115510,2017-03-13 23:33:55:923,,,,,,,,,,,,,,,,,,,,,,,,,,,
6.503,3.34,3.286,-1.248,-1.812,0.368,116010,2017-03-13 23:33:56:423,,,,,,,,,,,,,,,,,,,,,,,,,,,
6.135,2.771,4.662,-1.418,-0.161,-0.736,116510,2017-03-13 23:33:56:923,,,,,,,,,,,,,,,,,,,,,,,,,,,
6.911,0.372,8.051,2.566,-4.794,-4.266,117011,2017-03-13 23:33:57:424,,,,,,,,,,,,,,,,,,,,,,,,,,,
4.077,6.207,2.881,-1.722,0.64,-1.691,117510,2017-03-13 23:33:57:923,,,,,,,,,,,,,,,,,,,,,,,,,,,
5.719,1.886,5.412,0.487,-3.697,-0.214,118010,2017-03-13 23:33:58:423,,,,,,,,,,,,,,,,,,,,,,,,,,,
4.198,3.181,6.287,0.632,-1.884,-0.627,118510,2017-03-13 23:33:58:923,,,,,,,,,,,,,,,,,,,,,,,,,,,
4.922,4.761,3.19,1.807,-0.811,-1.18,119010,2017-03-13 23:33:59:423,,,,,,,,,,,,,,,,,,,,,,,,,,,
4.914,3.735,6.438,0.558,-0.492,-0.873,119511,2017-03-13 23:33:59:924,,,,,,,,,,,,,,,,,,,,,,,,,,,
7.638,2.18,4.515,0.734,-0.971,-0.577,120010,2017-03-13 23:34:00:423,,,,,,,,,,,,,,,,,,,,,,,,,,,
6.205,3.283,5.971,1.031,0.01,0.298,120510,2017-03-13 23:34:00:923,,,,,,,,,,,,,,,,,,,,,,,,,,,
6.403,5.919,8.788,4.178,1.619,1.239,121010,2017-03-13 23:34:01:423,,,,,,,,,,,,,,,,,,,,,,,,,,,
7.733,5.033,7.043,0.239,1.013,-1.384,121510,2017-03-13 23:34:01:923,,,,,,,,,,,,,,,,,,,,,,,,,,,
5.778,3.823,5.456,0.617,-0.852,0.563,122010,2017-03-13 23:34:02:423,,,,,,,,,,,,,,,,,,,,,,,,,,,
2.37,7.237,4.769,-1.024,0.606,1.395,122511,2017-03-13 23:34:02:924,,,,,,,,,,,,,,,,,,,,,,,,,,,
7.223,6.53,5.747,-0.285,1.476,-0.262,123011,2017-03-13 23:34:03:424,,,,,,,,,,,,,,,,,,,,,,,,,,,
4.385,6.922,2.682,-1.316,0.689,-2.946,123511,2017-03-13 23:34:03:924,,,,,,,,,,,,,,,,,,,,,,,,,,,
4.657,6.965,5.195,3.875,0.243,4.549,124010,2017-03-13 23:34:04:423,,,,,,,,,,,,,,,,,,,,,,,,,,,
2.515,5.355,3.967,0.974,-0.433,-2.593,124511,2017-03-13 23:34:04:924,,,,,,,,,,,,,,,,,,,,,,,,,,,
1.733,3.949,1.973,-5.065,-1.426,1.25,125010,2017-03-13 23:34:05:423,,,,,,,,,,,,,,,,,,,,,,,,,,,
6.747,3.95,0.264,-0.805,-3.577,-2.298,125510,2017-03-13 23:34:05:923,,,,,,,,,,,,,,,,,,,,,,,,,,,
4.273,6.665,6.665,-1.168,2.312,0.064,126010,2017-03-13 23:34:06:423,,,,,,,,,,,,,,,,,,,,,,,,,,,
2.505,5.599,-2.379,2.135,-1.691,1.427,126510,2017-03-13 23:34:06:923,,,,,,,,,,,,,,,,,,,,,,,,,,,
6.338,5.843,0.855,0.218,-0.68,-0.688,127010,2017-03-13 23:34:07:423,,,,,,,,,,,,,,,,,,,,,,,,,,,
1.512,6.467,3.46,-2.817,1.881,1.41,127510,2017-03-13 23:34:07:923,,,,,,,,,,,,,,,,,,,,,,,,,,,
3.643,5.405,2.66,3.244,-0.698,-0.571,128010,2017-03-13 23:34:08:423,,,,,,,,,,,,,,,,,,,,,,,,,,,
5.541,6.371,3.387,1.197,0.592,-0.648,128510,2017-03-13 23:34:08:923,,,,,,,,,,,,,,,,,,,,,,,,,,,
11.642,7.066,21.783,-1.687,6.713,-2.97,129010,2017-03-13 23:34:09:423,,,,,,,,,,,,,,,,,,,,,,,,,,,
4.826,6.482,3.327,1.679,0.759,3.953,129511,2017-03-13 23:34:09:924,,,,,,,,,,,,,,,,,,,,,,,,,,,
1.587,6.702,5.14,-3.039,0.554,2.703,130011,2017-03-13 23:34:10:424,,,,,,,,,,,,,,,,,,,,,,,,,,,
2.516,4.523,0.635,5.359,1.722,4.003,130510,2017-03-13 23:34:10:923,,,,,,,,,,,,,,,,,,,,,,,,,,,
3.022,4.532,3.991,-1.234,-0.978,-1.096,131011,2017-03-13 23:34:11:424,,,,,,,,,,,,,,,,,,,,,,,,,,,
5.949,5.129,4.638,1.845,0.004,-2.155,131510,2017-03-13 23:34:11:923,,,,,,,,,,,,,,,,,,,,,,,,,,,
3.519,7.402,3.812,-2.059,-0.234,1.004,132011,2017-03-13 23:34:12:424,,,,,,,,,,,,,,,,,,,,,,,,,,,
3.609,7.914,3.012,-0.32,0.524,1.48,132510,2017-03-13 23:34:12:923,,,,,,,,,,,,,,,,,,,,,,,,,,,
5.714,9.314,8.742,3.148,2.216,8.688,133010,2017-03-13 23:34:13:423,,,,,,,,,,,,,,,,,,,,,,,,,,,
2.73,10.249,4.563,1.257,0.931,-0.729,133510,2017-03-13 23:34:13:923,,,,,,,,,,,,,,,,,,,,,,,,,,,
1.953,2.97,1.262,-0.791,0.637,-1.862,134010,2017-03-13 23:34:14:423,,,,,,,,,,,,,,,,,,,,,,,,,,,
4.361,8.543,3.948,-0.433,1.403,8.014,134510,2017-03-13 23:34:14:923,,,,,,,,,,,,,,,,,,,,,,,,,,,
2.184,7.093,10.043,-2.571,0.406,-1.066,135010,2017-03-13 23:34:15:423,,,,,,,,,,,,,,,,,,,,,,,,,,,
4.561,7.373,3.923,-1.635,0.251,0.486,135510,2017-03-13 23:34:15:923,,,,,,,,,,,,,,,,,,,,,,,,,,,
-1.455,8.172,6.285,-2.384,1.379,-2.943,136010,2017-03-13 23:34:16:423,,,,,,,,,,,,,,,,,,,,,,,,,,,
-3.087,2.978,-5.522,-1.82,-5.456,2.598,136510,2017-03-13 23:34:16:923,,,,,,,,,,,,,,,,,,,,,,,,,,,
-1.542,6.52,1.82,-0.83,-1.055,-2.241,137011,2017-03-13 23:34:17:424,,,,,,,,,,,,,,,,,,,,,,,,,,,
-0.944,9.425,10.084,3.564,2.334,-2.7,137510,2017-03-13 23:34:17:923,,,,,,,,,,,,,,,,,,,,,,,,,,,
4.756,2.978,3.115,-4.039,2.108,8.928,138011,2017-03-13 23:34:18:424,,,,,,,,,,,,,,,,,,,,,,,,,,,
7.063,6.63,7.127,4.111,1.697,-2.359,138510,2017-03-13 23:34:18:923,,,,,,,,,,,,,,,,,,,,,,,,,,,
8.473,6.902,4.227,-0.237,2.094,0.256,139010,2017-03-13 23:34:19:423,,,,,,,,,,,,,,,,,,,,,,,,,,,
4.686,5.855,5.106,-0.772,-1.11,1.361,139510,2017-03-13 23:34:19:923,,,,,,,,,,,,,,,,,,,,,,,,,,,
2.934,5.294,2.88,0.318,-1.165,0.371,140010,2017-03-13 23:34:20:423,,,,,,,,,,,,,,,,,,,,,,,,,,,
7.115,10.003,9.783,0.463,1.679,-0.928,140511,2017-03-13 23:34:20:924,,,,,,,,,,,,,,,,,,,,,,,,,,,
-0.03,4.205,6.803,-1.726,-2.075,-2.185,141011,2017-03-13 23:34:21:424,,,,,,,,,,,,,,,,,,,,,,,,,,,
1.015,5.975,7.343,-0.22,0.985,-0.65,141511,2017-03-13 23:34:21:924,,,,,,,,,,,,,,,,,,,,,,,,,,,
2.872,1.871,5.841,6.115,-2.094,-4.748,142011,2017-03-13 23:34:22:424,,,,,,,,,,,,,,,,,,,,,,,,,,,
2.883,5.508,6.602,-0.028,1.913,1.886,142510,2017-03-13 23:34:22:923,,,,,,,,,,,,,,,,,,,,,,,,,,,
1.911,3.973,4.726,0.127,-1.882,2.789,143010,2017-03-13 23:34:23:423,,,,,,,,,,,,,,,,,,,,,,,,,,,
3.128,5.57,7.605,0.56,0.692,-1.582,143510,2017-03-13 23:34:23:923,,,,,,,,,,,,,,,,,,,,,,,,,,,
6.257,0.717,12.949,-2.114,2.69,2.246,144010,2017-03-13 23:34:24:423,,,,,,,,,,,,,,,,,,,,,,,,,,,
1.593,4.478,4.96,-0.721,-0.751,0.213,144510,2017-03-13 23:34:24:923,,,,,,,,,,,,,,,,,,,,,,,,,,,
3.806,6.094,5.959,-2.493,0.383,-0.342,145010,2017-03-13 23:34:25:423,,,,,,,,,,,,,,,,,,,,,,,,,,,
2.953,2.152,6.755,0.854,-1.839,0.843,145510,2017-03-13 23:34:25:923,,,,,,,,,,,,,,,,,,,,,,,,,,,
2.449,2.43,6.53,2.221,-0.142,-4.846,146011,2017-03-13 23:34:26:424,,,,,,,,,,,,,,,,,,,,,,,,,,,
1.197,5.393,3.982,0.767,2.007,0.703,146510,2017-03-13 23:34:26:923,,,,,,,,,,,,,,,,,,,,,,,,,,,
7.867,0.202,3.819,4.846,-2.185,-1.065,147010,2017-03-13 23:34:27:423,,,,,,,,,,,,,,,,,,,,,,,,,,,
5.228,4.49,5.652,-0.482,0.781,-1.767,147510,2017-03-13 23:34:27:923,,,,,,,,,,,,,,,,,,,,,,,,,,,
5.903,5.166,5.917,1.781,2.033,-1.574,148010,2017-03-13 23:34:28:423,,,,,,,,,,,,,,,,,,,,,,,,,,,
4.896,2.471,5.536,-1.775,-0.45,1.291,148512,2017-03-13 23:34:28:925,,,,,,,,,,,,,,,,,,,,,,,,,,,
3.811,7.574,11.156,-1.769,2.751,2.002,149010,2017-03-13 23:34:29:423,,,,,,,,,,,,,,,,,,,,,,,,,,,
4.841,3.711,4.696,0.845,-0.551,-1.356,149510,2017-03-13 23:34:29:923,,,,,,,,,,,,,,,,,,,,,,,,,,,
3.616,4.088,6.135,-0.544,0.795,-0.531,150010,2017-03-13 23:34:30:423,,,,,,,,,,,,,,,,,,,,,,,,,,,
6.811,2.76,8.135,-1.299,-1.758,-0.213,150511,2017-03-13 23:34:30:924,,,,,,,,,,,,,,,,,,,,,,,,,,,
2.77,5.135,6.991,-1.484,0.024,-1.002,151010,2017-03-13 23:34:31:423,,,,,,,,,,,,,,,,,,,,,,,,,,,
4.099,4.163,6.281,-1.528,1.29,5.973,151510,2017-03-13 23:34:31:923,,,,,,,,,,,,,,,,,,,,,,,,,,,
3.409,3.754,8.868,-1.36,-1.039,-2.233,152010,2017-03-13 23:34:32:423,,,,,,,,,,,,,,,,,,,,,,,,,,,
7.675,5.965,6.952,1.016,0.835,0.69,152511,2017-03-13 23:34:32:924,,,,,,,,,,,,,,,,,,,,,,,,,,,
2.901,3.243,4.457,-1.726,-1.047,-1.614,153010,2017-03-13 23:34:33:423,,,,,,,,,,,,,,,,,,,,,,,,,,,
2.525,5.788,6.523,-0.686,0.806,-1.806,153510,2017-03-13 23:34:33:923,,,,,,,,,,,,,,,,,,,,,,,,,,,
4.807,2.239,4.552,1.769,-3.795,-0.454,154010,2017-03-13 23:34:34:423,,,,,,,,,,,,,,,,,,,,,,,,,,,
5.378,5.894,6.827,-1.812,1.294,0.461,154511,2017-03-13 23:34:34:924,,,,,,,,,,,,,,,,,,,,,,,,,,,
2.716,1.896,4.835,-0.534,-2.042,-0.257,155011,2017-03-13 23:34:35:424,,,,,,,,,,,,,,,,,,,,,,,,,,,
1.753,4.917,9.48,-0.064,0.144,-1.205,155511,2017-03-13 23:34:35:924,,,,,,,,,,,,,,,,,,,,,,,,,,,
6.747,2.323,5.146,-2.904,-0.552,4.367,156010,2017-03-13 23:34:36:423,,,,,,,,,,,,,,,,,,,,,,,,,,,
3.802,4.778,9.324,2.067,2.88,0.019,156510,2017-03-13 23:34:36:923,,,,,,,,,,,,,,,,,,,,,,,,,,,
3.16,5.881,4.836,1.216,0.3,-1.057,157010,2017-03-13 23:34:37:423,,,,,,,,,,,,,,,,,,,,,,,,,,,
2.76,4.816,6.134,3.042,1.817,-2.224,157510,2017-03-13 23:34:37:923,,,,,,,,,,,,,,,,,,,,,,,,,,,
1.711,6.008,6.956,-0.762,0.716,-1.924,158011,2017-03-13 23:34:38:424,,,,,,,,,,,,,,,,,,,,,,,,,,,
5.102,3.787,0.997,4.533,-4.385,-3.34,158510,2017-03-13 23:34:38:923,,,,,,,,,,,,,,,,,,,,,,,,,,,
2.527,5.85,7.296,-4.601,0.906,2.076,159010,2017-03-13 23:34:39:423,,,,,,,,,,,,,,,,,,,,,,,,,,,
6.348,3.59,3.243,2.029,0.845,-0.672,159510,2017-03-13 23:34:39:923,,,,,,,,,,,,,,,,,,,,,,,,,,,
1.654,5.644,5.645,-0.042,1.123,-0.864,160010,2017-03-13 23:34:40:423,,,,,,,,,,,,,,,,,,,,,,,,,,,
2.913,8.034,5.39,1.334,1.081,-4.098,160511,2017-03-13 23:34:40:924,,,,,,,,,,,,,,,,,,,,,,,,,,,
3.802,6.67,7.717,0.645,0.176,-3.452,161010,2017-03-13 23:34:41:423,,,,,,,,,,,,,,,,,,,,,,,,,,,
1.46,5.52,6.164,0.512,-0.056,-0.728,161510,2017-03-13 23:34:41:923,,,,,,,,,,,,,,,,,,,,,,,,,,,
2.632,7.916,1.55,-1.46,-3.885,0.135,162010,2017-03-13 23:34:42:423,,,,,,,,,,,,,,,,,,,,,,,,,,,
6.475,7.306,5.067,0.075,-2.112,-4.337,162510,2017-03-13 23:34:42:923,,,,,,,,,,,,,,,,,,,,,,,,,,,
1.941,5.945,3.1,0.511,3.215,0.169,163010,2017-03-13 23:34:43:423,,,,,,,,,,,,,,,,,,,,,,,,,,,
6.808,11.395,11.617,4.793,-6.176,-3.227,163510,2017-03-13 23:34:43:923,,,,,,,,,,,,,,,,,,,,,,,,,,,
4.708,6.767,3.611,2.384,0,0.636,164011,2017-03-13 23:34:44:424,,,,,,,,,,,,,,,,,,,,,,,,,,,
8.973,9.358,4.083,-3.72,-0.155,-0.424,164510,2017-03-13 23:34:44:923,,,,,,,,,,,,,,,,,,,,,,,,,,,
2.243,5.515,7.225,1.81,-1.259,-3.978,165010,2017-03-13 23:34:45:423,,,,,,,,,,,,,,,,,,,,,,,,,,,
5.215,4.832,6.266,0.671,0.473,-2.353,165510,2017-03-13 23:34:45:923,,,,,,,,,,,,,,,,,,,,,,,,,,,
2.34,7.551,8.041,3.114,4.494,2.43,166011,2017-03-13 23:34:46:424,,,,,,,,,,,,,,,,,,,,,,,,,,,
-7.322,3.837,14.822,0.117,1.797,-1.653,166510,2017-03-13 23:34:46:923,,,,,,,,,,,,,,,,,,,,,,,,,,,
4.962,10.191,6.243,5.769,-2.325,14.186,167011,2017-03-13 23:34:47:424,,,,,,,,,,,,,,,,,,,,,,,,,,,
1.523,6.402,5.423,-0.554,-0.762,-1.265,167510,2017-03-13 23:34:47:923,,,,,,,,,,,,,,,,,,,,,,,,,,,
0.358,5.772,2.112,-1.723,1.281,-0.842,168012,2017-03-13 23:34:48:425,,,,,,,,,,,,,,,,,,,,,,,,,,,
0.914,8.931,10.549,-10.682,2.554,10.214,168510,2017-03-13 23:34:48:923,,,,,,,,,,,,,,,,,,,,,,,,,,,
8.46,7.386,11.36,9.347,1.228,5.308,169011,2017-03-13 23:34:49:424,,,,,,,,,,,,,,,,,,,,,,,,,,,
-5.173,2.736,3.96,-3.067,1.752,1.141,169510,2017-03-13 23:34:49:923,,,,,,,,,,,,,,,,,,,,,,,,,,,
2.584,5.786,0.468,3.229,-1.194,-1.301,170010,2017-03-13 23:34:50:423,,,,,,,,,,,,,,,,,,,,,,,,,,,
-0.779,8.311,6.166,0.516,0.694,-0.994,170510,2017-03-13 23:34:50:923,,,,,,,,,,,,,,,,,,,,,,,,,,,
6.676,7.465,6.88,-0.683,-0.917,-1.945,171010,2017-03-13 23:34:51:423,,,,,,,,,,,,,,,,,,,,,,,,,,,
-3.746,5.997,9.765,-2.373,1.708,10.204,171510,2017-03-13 23:34:51:923,,,,,,,,,,,,,,,,,,,,,,,,,,,
3.071,4.995,4.016,1.568,-2.484,-0.651,172010,2017-03-13 23:34:52:423,,,,,,,,,,,,,,,,,,,,,,,,,,,
1.662,15.395,3.723,-0.745,-2.625,-2.368,172510,2017-03-13 23:34:52:923,,,,,,,,,,,,,,,,,,,,,,,,,,,
-0.268,8.164,1.498,-1.739,0.436,0.043,173011,2017-03-13 23:34:53:424,,,,,,,,,,,,,,,,,,,,,,,,,,,
2.595,10.408,22.978,-0.169,2.79,2.281,173510,2017-03-13 23:34:53:923,,,,,,,,,,,,,,,,,,,,,,,,,,,
-4.729,11.173,8.157,-4.887,-1.682,-2.051,174010,2017-03-13 23:34:54:423,,,,,,,,,,,,,,,,,,,,,,,,,,,
3.355,8.628,3.416,-3.842,0.55,-2.229,174510,2017-03-13 23:34:54:923,,,,,,,,,,,,,,,,,,,,,,,,,,,
-5.286,5.735,-4.982,2.746,-1.851,3.829,175011,2017-03-13 23:34:55:424,,,,,,,,,,,,,,,,,,,,,,,,,,,
6.208,5.04,0.341,4.334,-0.375,6.603,175511,2017-03-13 23:34:55:924,,,,,,,,,,,,,,,,,,,,,,,,,,,
3.147,6.476,4.756,-1.056,0.566,3.746,176010,2017-03-13 23:34:56:423,,,,,,,,,,,,,,,,,,,,,,,,,,,
2.487,2.117,6.085,-1.577,-2.972,-0.525,176511,2017-03-13 23:34:56:924,,,,,,,,,,,,,,,,,,,,,,,,,,,
5.317,2.036,10.599,3.867,-0.609,0.63,177011,2017-03-13 23:34:57:424,,,,,,,,,,,,,,,,,,,,,,,,,,,
5.677,4.089,8.508,2.568,2.113,-1.376,177510,2017-03-13 23:34:57:923,,,,,,,,,,,,,,,,,,,,,,,,,,,
5.355,3.488,4.832,0.037,-0.952,-1.119,178010,2017-03-13 23:34:58:423,,,,,,,,,,,,,,,,,,,,,,,,,,,
3.069,0.397,4.072,1.207,-1.334,-2.728,178511,2017-03-13 23:34:58:924,,,,,,,,,,,,,,,,,,,,,,,,,,,
8.722,-0.025,12.79,3.062,-0.284,2.933,179010,2017-03-13 23:34:59:423,,,,,,,,,,,,,,,,,,,,,,,,,,,
3.498,4.1,4.783,-0.461,-0.631,-2.468,179510,2017-03-13 23:34:59:923,,,,,,,,,,,,,,,,,,,,,,,,,,,
1.199,9.286,9.411,2.159,3.086,1.125,180010,2017-03-13 23:35:00:423,,,,,,,,,,,,,,,,,,,,,,,,,,,
4.197,4.697,2.141,2.02,-2.511,-2.956,180511,2017-03-13 23:35:00:924,,,,,,,,,,,,,,,,,,,,,,,,,,,
10.244,5.669,11.677,1.555,2.282,0.049,181010,2017-03-13 23:35:01:423,,,,,,,,,,,,,,,,,,,,,,,,,,,
2.283,3.65,4.233,-2.469,-1.785,-0.271,181511,2017-03-13 23:35:01:924,,,,,,,,,,,,,,,,,,,,,,,,,,,
3.984,5.099,4.631,-0.353,0.416,-1.656,182010,2017-03-13 23:35:02:423,,,,,,,,,,,,,,,,,,,,,,,,,,,
8.386,2.662,2.686,-1.616,2.721,3.192,182510,2017-03-13 23:35:02:923,,,,,,,,,,,,,,,,,,,,,,,,,,,
3.9,4.663,7.178,-1.661,-0.315,-1.89,183010,2017-03-13 23:35:03:423,,,,,,,,,,,,,,,,,,,,,,,,,,,
14.584,6.603,7.572,2.548,1.338,0.275,183511,2017-03-13 23:35:03:924,,,,,,,,,,,,,,,,,,,,,,,,,,,
2.565,3.716,3.607,-3.521,-2.102,-1.508,184010,2017-03-13 23:35:04:423,,,,,,,,,,,,,,,,,,,,,,,,,,,
10.61,8.531,11.082,0.511,3.648,-0.772,184511,2017-03-13 23:35:04:924,,,,,,,,,,,,,,,,,,,,,,,,,,,
5.512,5.845,3.294,-0.585,-0.068,-1.329,185011,2017-03-13 23:35:05:424,,,,,,,,,,,,,,,,,,,,,,,,,,,
5.477,4.712,5.965,-1.359,-0.1,-0.84,185510,2017-03-13 23:35:05:923,,,,,,,,,,,,,,,,,,,,,,,,,,,
3.172,2.403,5.847,-1.087,-1.111,1.311,186010,2017-03-13 23:35:06:423,,,,,,,,,,,,,,,,,,,,,,,,,,,
11.163,4.725,10.519,-1.565,3.234,0.801,186510,2017-03-13 23:35:06:923,,,,,,,,,,,,,,,,,,,,,,,,,,,
4.856,2.867,6.359,0.734,0.343,0.513,187010,2017-03-13 23:35:07:423,,,,,,,,,,,,,,,,,,,,,,,,,,,
7.298,1.733,8.869,3.143,-0.343,3.477,187510,2017-03-13 23:35:07:923,,,,,,,,,,,,,,,,,,,,,,,,,,,
4.797,4.084,8.232,-2.478,-0.081,-2.323,188010,2017-03-13 23:35:08:423,,,,,,,,,,,,,,,,,,,,,,,,,,,
5.209,6.333,4.311,0.541,1.683,2.753,188511,2017-03-13 23:35:08:924,,,,,,,,,,,,,,,,,,,,,,,,,,,
6.866,1.659,3.991,2.746,-2.712,-1.898,189010,2017-03-13 23:35:09:423,,,,,,,,,,,,,,,,,,,,,,,,,,,
4.076,6.302,5.162,-0.891,1.488,-0.073,189510,2017-03-13 23:35:09:923,,,,,,,,,,,,,,,,,,,,,,,,,,,
5.574,1.494,5.173,2.566,1.345,0.963,190010,2017-03-13 23:35:10:423,,,,,,,,,,,,,,,,,,,,,,,,,,,
4.509,4.229,6.28,-0.717,0.405,-0.726,190510,2017-03-13 23:35:10:923,,,,,,,,,,,,,,,,,,,,,,,,,,,
6.39,1.178,4.909,-0.828,0.553,0.092,191011,2017-03-13 23:35:11:424,,,,,,,,,,,,,,,,,,,,,,,,,,,
3.159,4.925,4.428,-0.672,1.601,1.19,191510,2017-03-13 23:35:11:923,,,,,,,,,,,,,,,,,,,,,,,,,,,
6.128,2.736,4.081,3.382,0.213,3.245,192010,2017-03-13 23:35:12:423,,,,,,,,,,,,,,,,,,,,,,,,,,,
4.258,4.416,4.856,-0.178,-0.114,0.549,192511,2017-03-13 23:35:12:924,,,,,,,,,,,,,,,,,,,,,,,,,,,
2.753,6.29,5.377,-1.482,1.186,-1.673,193010,2017-03-13 23:35:13:423,,,,,,,,,,,,,,,,,,,,,,,,,,,
6.634,1.994,2.713,1.886,-3.545,-0.52,193511,2017-03-13 23:35:13:924,,,,,,,,,,,,,,,,,,,,,,,,,,,
5.942,5.478,7.006,-0.98,0.544,-2.474,194010,2017-03-13 23:35:14:423,,,,,,,,,,,,,,,,,,,,,,,,,,,
4.536,5.614,6.867,0.873,1.215,-1.061,194511,2017-03-13 23:35:14:924,,,,,,,,,,,,,,,,,,,,,,,,,,,
3.75,6.664,4.396,0.953,1.505,-1.535,195010,2017-03-13 23:35:15:423,,,,,,,,,,,,,,,,,,,,,,,,,,,
3.12,5.636,4.295,1.708,-0.779,-1.733,195511,2017-03-13 23:35:15:924,,,,,,,,,,,,,,,,,,,,,,,,,,,
7.945,1.843,3.127,3.456,-0.842,-2.075,196010,2017-03-13 23:35:16:423,,,,,,,,,,,,,,,,,,,,,,,,,,,
0.268,5.573,7.253,-1.514,0.64,-1.092,196511,2017-03-13 23:35:16:924,,,,,,,,,,,,,,,,,,,,,,,,,,,
4.397,4.577,7.028,1.887,0.741,-0.504,197010,2017-03-13 23:35:17:423,,,,,,,,,,,,,,,,,,,,,,,,,,,
1.705,7.588,4.94,-0.063,0.924,-0.278,197510,2017-03-13 23:35:17:923,,,,,,,,,,,,,,,,,,,,,,,,,,,
2.722,10.526,8.445,-0.701,-2.724,-4.517,198010,2017-03-13 23:35:18:423,,,,,,,,,,,,,,,,,,,,,,,,,,,
2.151,5.693,4.598,1.792,-0.496,-2.747,198511,2017-03-13 23:35:18:924,,,,,,,,,,,,,,,,,,,,,,,,,,,
-0.804,5.372,5.135,-2.326,0.238,-1.414,199010,2017-03-13 23:35:19:423,,,,,,,,,,,,,,,,,,,,,,,,,,,
1.908,5.301,5.593,2.225,1.672,1.071,199510,2017-03-13 23:35:19:923,,,,,,,,,,,,,,,,,,,,,,,,,,,
2.76,5.687,3.655,0.104,0.046,-0.227,200011,2017-03-13 23:35:20:424,,,,,,,,,,,,,,,,,,,,,,,,,,,
1.771,6.451,4.154,0.609,1.517,-0.484,200510,2017-03-13 23:35:20:923,,,,,,,,,,,,,,,,,,,,,,,,,,,
1.823,9.488,5.621,2.061,5.571,2.125,201010,2017-03-13 23:35:21:423,,,,,,,,,,,,,,,,,,,,,,,,,,,
1.193,6.427,6.732,-0.106,-0.199,0.527,201511,2017-03-13 23:35:21:924,,,,,,,,,,,,,,,,,,,,,,,,,,,
-0.916,9.463,13.263,-0.875,1.99,-2.563,202010,2017-03-13 23:35:22:423,,,,,,,,,,,,,,,,,,,,,,,,,,,
1.936,8.463,6.11,-0.249,0.39,1.673,202511,2017-03-13 23:35:22:924,,,,,,,,,,,,,,,,,,,,,,,,,,,
0.001,8.912,6.307,-2.275,0.495,-0.418,203010,2017-03-13 23:35:23:423,,,,,,,,,,,,,,,,,,,,,,,,,,,
1.661,9.828,2.692,-0.78,-2.311,-1.595,203511,2017-03-13 23:35:23:924,,,,,,,,,,,,,,,,,,,,,,,,,,,
0.838,5.719,4.095,-0.374,-1.464,4.419,204010,2017-03-13 23:35:24:423,,,,,,,,,,,,,,,,,,,,,,,,,,,
4.937,6.841,6.965,1.563,0.84,0.369,204512,2017-03-13 23:35:24:925,,,,,,,,,,,,,,,,,,,,,,,,,,,
4.578,3.407,-2.176,-1.919,-1.234,2.024,205010,2017-03-13 23:35:25:423,,,,,,,,,,,,,,,,,,,,,,,,,,,
3.475,1.344,3.324,4.999,-1.51,-4.649,205511,2017-03-13 23:35:25:924,,,,,,,,,,,,,,,,,,,,,,,,,,,
3.771,5.559,3.333,0.481,-0.044,0.034,206011,2017-03-13 23:35:26:424,,,,,,,,,,,,,,,,,,,,,,,,,,,
-0.538,4.405,7.276,3.832,3.056,7.999,206510,2017-03-13 23:35:26:923,,,,,,,,,,,,,,,,,,,,,,,,,,,
0.722,4.626,5.14,-3.051,0.841,-5.882,207010,2017-03-13 23:35:27:423,,,,,,,,,,,,,,,,,,,,,,,,,,,
3.717,5.409,2.639,4.422,-0.033,0.877,207510,2017-03-13 23:35:27:923,,,,,,,,,,,,,,,,,,,,,,,,,,,
2.241,5.026,1.579,2.052,-1.417,-2.072,208010,2017-03-13 23:35:28:423,,,,,,,,,,,,,,,,,,,,,,,,,,,
1.407,5.02,8.728,6.328,-0.585,7.236,208511,2017-03-13 23:35:28:924,,,,,,,,,,,,,,,,,,,,,,,,,,,
0.184,4.016,0.237,-3.646,-0.752,3.923,209010,2017-03-13 23:35:29:423,,,,,,,,,,,,,,,,,,,,,,,,,,,
1.106,4.855,2.7,2.293,-0.31,2.223,209510,2017-03-13 23:35:29:923,,,,,,,,,,,,,,,,,,,,,,,,,,,
3.409,5.59,3.63,1.961,-0.863,-0.633,210010,2017-03-13 23:35:30:423,,,,,,,,,,,,,,,,,,,,,,,,,,,
2.011,6.111,6.277,1.47,5.27,5.001,210511,2017-03-13 23:35:30:924,,,,,,,,,,,,,,,,,,,,,,,,,,,
0.76,5.312,3.417,-5.755,-0.89,-2.282,211010,2017-03-13 23:35:31:423,,,,,,,,,,,,,,,,,,,,,,,,,,,
0.552,7.145,5.672,-0.562,-0.048,-3.115,211510,2017-03-13 23:35:31:923,,,,,,,,,,,,,,,,,,,,,,,,,,,
-3.988,7.047,0.94,-1.993,0.364,7.247,212010,2017-03-13 23:35:32:423,,,,,,,,,,,,,,,,,,,,,,,,,,,
5.14,4.042,-1.47,5.367,-1.766,0.07,212510,2017-03-13 23:35:32:923,,,,,,,,,,,,,,,,,,,,,,,,,,,
-2.852,7.386,7.229,-0.63,0.943,-1.372,213010,2017-03-13 23:35:33:423,,,,,,,,,,,,,,,,,,,,,,,,,,,
3.734,4.833,4.888,-1.773,-2.419,-1.623,213510,2017-03-13 23:35:33:923,,,,,,,,,,,,,,,,,,,,,,,,,,,
3.587,3.85,-0.345,1.578,-3.063,-1.084,214011,2017-03-13 23:35:34:424,,,,,,,,,,,,,,,,,,,,,,,,,,,
3.033,5.435,7.294,1.279,2.164,1.339,214510,2017-03-13 23:35:34:923,,,,,,,,,,,,,,,,,,,,,,,,,,,
2.66,4.094,7.9,1.167,0.29,-2.376,215010,2017-03-13 23:35:35:423,,,,,,,,,,,,,,,,,,,,,,,,,,,
5.318,7,2.949,0.151,-0.88,-0.353,215511,2017-03-13 23:35:35:924,,,,,,,,,,,,,,,,,,,,,,,,,,,
3.893,3.244,4.751,0.535,-4.555,0.688,216010,2017-03-13 23:35:36:423,,,,,,,,,,,,,,,,,,,,,,,,,,,
1.459,5.757,6.872,1.43,-0.321,-2.902,216511,2017-03-13 23:35:36:924,,,,,,,,,,,,,,,,,,,,,,,,,,,
7.845,5.549,2.93,-1.29,1.835,6.516,217010,2017-03-13 23:35:37:423,,,,,,,,,,,,,,,,,,,,,,,,,,,
2.669,4.626,6.166,0.196,-0.148,-2.04,217510,2017-03-13 23:35:37:923,,,,,,,,,,,,,,,,,,,,,,,,,,,
3.283,3.251,11.874,3.894,1.917,3.816,218010,2017-03-13 23:35:38:423,,,,,,,,,,,,,,,,,,,,,,,,,,,
1.162,4.288,5.071,0.039,-1.305,-0.725,218510,2017-03-13 23:35:38:923,,,,,,,,,,,,,,,,,,,,,,,,,,,
2.215,9.905,8.357,1.162,0.978,0.498,219011,2017-03-13 23:35:39:424,,,,,,,,,,,,,,,,,,,,,,,,,,,
2.196,1.864,6.676,4.841,-2.497,-2.735,219511,2017-03-13 23:35:39:924,,,,,,,,,,,,,,,,,,,,,,,,,,,
6.359,4.004,16.157,-0.585,2.767,0.197,220010,2017-03-13 23:35:40:423,,,,,,,,,,,,,,,,,,,,,,,,,,,
-0.712,3.21,7.432,-1.604,-1.377,0.308,220511,2017-03-13 23:35:40:924,,,,,,,,,,,,,,,,,,,,,,,,,,,
0.878,4.558,7.193,1.399,-1.321,-2.879,221010,2017-03-13 23:35:41:423,,,,,,,,,,,,,,,,,,,,,,,,,,,
7.797,6.278,13.605,-3.527,2.269,2.647,221510,2017-03-13 23:35:41:923,,,,,,,,,,,,,,,,,,,,,,,,,,,
1.386,6.263,5.808,-0.707,0.793,-1.976,222011,2017-03-13 23:35:42:424,,,,,,,,,,,,,,,,,,,,,,,,,,,
8.304,7.996,11.646,-1.327,-0.316,-2.159,222510,2017-03-13 23:35:42:923,,,,,,,,,,,,,,,,,,,,,,,,,,,
0.072,3.149,4.736,0.021,-1.122,-1.554,223010,2017-03-13 23:35:43:423,,,,,,,,,,,,,,,,,,,,,,,,,,,
10.038,0.124,5.488,-5.48,0.924,-2.349,223511,2017-03-13 23:35:43:924,,,,,,,,,,,,,,,,,,,,,,,,,,,
1.353,2.221,3.82,-0.8,-0.828,-1.462,224010,2017-03-13 23:35:44:423,,,,,,,,,,,,,,,,,,,,,,,,,,,
1.529,1.492,6.451,3.419,-0.817,4.792,224510,2017-03-13 23:35:44:923,,,,,,,,,,,,,,,,,,,,,,,,,,,
1.605,10.041,3.429,-0.111,0.739,1.078,225011,2017-03-13 23:35:45:424,,,,,,,,,,,,,,,,,,,,,,,,,,,
5.151,2.386,7.008,4.197,-3.706,-0.025,225511,2017-03-13 23:35:45:924,,,,,,,,,,,,,,,,,,,,,,,,,,,
4.115,5.751,6.3,-1.434,1.57,-1.267,226010,2017-03-13 23:35:46:423,,,,,,,,,,,,,,,,,,,,,,,,,,,
4.212,2.939,4.16,0.367,-1.813,-2.545,226510,2017-03-13 23:35:46:923,,,,,,,,,,,,,,,,,,,,,,,,,,,
1.252,5.771,6.536,0.254,0.294,-0.937,227010,2017-03-13 23:35:47:423,,,,,,,,,,,,,,,,,,,,,,,,,,,
7.478,1.488,4.089,-1.941,0.2,3.928,227510,2017-03-13 23:35:47:923,,,,,,,,,,,,,,,,,,,,,,,,,,,
3.236,5.662,5.022,-2.058,0.023,1.343,228011,2017-03-13 23:35:48:424,,,,,,,,,,,,,,,,,,,,,,,,,,,
6.651,8.37,7.359,3.018,2.143,0.514,228510,2017-03-13 23:35:48:923,,,,,,,,,,,,,,,,,,,,,,,,,,,
1.728,7.003,6.572,-1.062,-0.402,-2.588,229010,2017-03-13 23:35:49:423,,,,,,,,,,,,,,,,,,,,,,,,,,,
2.952,6.24,3.166,-2.515,0.056,-1.634,229510,2017-03-13 23:35:49:923,,,,,,,,,,,,,,,,,,,,,,,,,,,
2.343,6.581,4.891,-1.228,0.212,-2.245,230011,2017-03-13 23:35:50:424,,,,,,,,,,,,,,,,,,,,,,,,,,,
2.126,5.939,5.41,-1.123,0.276,0.097,230510,2017-03-13 23:35:50:923,,,,,,,,,,,,,,,,,,,,,,,,,,,
0.627,6.99,6.627,-0.936,1.151,-1.868,231011,2017-03-13 23:35:51:424,,,,,,,,,,,,,,,,,,,,,,,,,,,
0.17,6.586,4.391,-0.118,-0.286,-4.484,231510,2017-03-13 23:35:51:923,,,,,,,,,,,,,,,,,,,,,,,,,,,
4.889,11.456,0.3,3.732,-3.511,-2.693,232010,2017-03-13 23:35:52:423,,,,,,,,,,,,,,,,,,,,,,,,,,,
2.727,6.513,7.513,0.313,0.742,3.4,232511,2017-03-13 23:35:52:924,,,,,,,,,,,,,,,,,,,,,,,,,,,
4.525,5.612,7.912,0.075,1.616,0.275,233010,2017-03-13 23:35:53:423,,,,,,,,,,,,,,,,,,,,,,,,,,,
1.183,7.588,3.954,0.509,0.926,0.309,233511,2017-03-13 23:35:53:924,,,,,,,,,,,,,,,,,,,,,,,,,,,
2.078,5.003,-0.292,2.959,-2.084,0.852,234010,2017-03-13 23:35:54:423,,,,,,,,,,,,,,,,,,,,,,,,,,,
0.558,6.394,1.352,-1.05,-2.426,-1.03,234510,2017-03-13 23:35:54:923,,,,,,,,,,,,,,,,,,,,,,,,,,,
5.163,11.236,7.363,0.286,1.866,-1.355,235010,2017-03-13 23:35:55:423,,,,,,,,,,,,,,,,,,,,,,,,,,,
3.756,5.845,2.878,0.865,-0.292,-1.223,235511,2017-03-13 23:35:55:924,,,,,,,,,,,,,,,,,,,,,,,,,,,
3.872,6.174,4.431,0.223,0.497,0.229,236010,2017-03-13 23:35:56:423,,,,,,,,,,,,,,,,,,,,,,,,,,,
1.38,6.147,9.547,3.201,6.283,-1.722,236511,2017-03-13 23:35:56:924,,,,,,,,,,,,,,,,,,,,,,,,,,,
2.291,5.429,6.624,-1.398,1.443,-0.875,237010,2017-03-13 23:35:57:423,,,,,,,,,,,,,,,,,,,,,,,,,,,
5.979,5.458,6.036,1.945,0.666,3.332,237510,2017-03-13 23:35:57:923,,,,,,,,,,,,,,,,,,,,,,,,,,,
2.387,7.95,4.643,0.858,-0.17,-1.363,238010,2017-03-13 23:35:58:423,,,,,,,,,,,,,,,,,,,,,,,,,,,
4.354,5.226,5.905,1.351,-1.304,1.082,238510,2017-03-13 23:35:58:923,,,,,,,,,,,,,,,,,,,,,,,,,,,
5.638,6.156,4.021,-1.375,4.186,-0.819,239010,2017-03-13 23:35:59:423,,,,,,,,,,,,,,,,,,,,,,,,,,,
4.435,5.693,7.954,-1.161,1.155,-0.046,239511,2017-03-13 23:35:59:924,,,,,,,,,,,,,,,,,,,,,,,,,,,
2.565,7.629,5.588,0.283,-0.309,-2.474,240011,2017-03-13 23:36:00:424,,,,,,,,,,,,,,,,,,,,,,,,,,,
2.412,5.894,2.224,-0.142,-0.242,-2.428,240510,2017-03-13 23:36:00:923,,,,,,,,,,,,,,,,,,,,,,,,,,,
1.504,7.021,3.559,-0.968,3.41,0.527,241010,2017-03-13 23:36:01:423,,,,,,,,,,,,,,,,,,,,,,,,,,,
-1.544,5.013,4.294,1.256,1.226,-2.196,241511,2017-03-13 23:36:01:924,,,,,,,,,,,,,,,,,,,,,,,,,,,
11.073,11.135,8.966,1.017,-0.281,-6.25,242010,2017-03-13 23:36:02:423,,,,,,,,,,,,,,,,,,,,,,,,,,,
2.133,5.762,7.413,3.525,-0.404,2.826,242510,2017-03-13 23:36:02:923,,,,,,,,,,,,,,,,,,,,,,,,,,,
3.636,0.383,2.575,-0.42,-2.653,-1.113,243010,2017-03-13 23:36:03:423,,,,,,,,,,,,,,,,,,,,,,,,,,,
-4.214,6.976,6.001,-4.931,1.618,-2.104,243510,2017-03-13 23:36:03:923,,,,,,,,,,,,,,,,,,,,,,,,,,,
-4.701,5.724,11.889,0.838,-0.216,-3.585,244011,2017-03-13 23:36:04:424,,,,,,,,,,,,,,,,,,,,,,,,,,,
0.927,7.359,5.64,-0.56,0.103,-1.509,244510,2017-03-13 23:36:04:923,,,,,,,,,,,,,,,,,,,,,,,,,,,
3.205,9.196,8.914,-0.476,1.81,-3.408,245011,2017-03-13 23:36:05:424,,,,,,,,,,,,,,,,,,,,,,,,,,,
0.89,7.202,7.433,-0.687,-0.685,0.11,245510,2017-03-13 23:36:05:923,,,,,,,,,,,,,,,,,,,,,,,,,,,
1.272,7.669,5.438,-0.42,-0.129,-2.241,246010,2017-03-13 23:36:06:423,,,,,,,,,,,,,,,,,,,,,,,,,,,
6.074,10.788,4.921,-0.413,-2.444,-0.276,246510,2017-03-13 23:36:06:923,,,,,,,,,,,,,,,,,,,,,,,,,,,
-2.326,3.853,3.697,-1.245,-2.702,2.415,247010,2017-03-13 23:36:07:423,,,,,,,,,,,,,,,,,,,,,,,,,,,
6.479,8.696,1.153,0.176,1.897,-2.798,247510,2017-03-13 23:36:07:923,,,,,,,,,,,,,,,,,,,,,,,,,,,
3.68,7.44,7.092,0.228,0.951,-2.872,248010,2017-03-13 23:36:08:423,,,,,,,,,,,,,,,,,,,,,,,,,,,
-10.82,10.335,-6.022,0.047,-5.833,4.018,248510,2017-03-13 23:36:08:923,,,,,,,,,,,,,,,,,,,,,,,,,,,
-0.225,5.342,2.857,-2.629,-2.103,-1.893,249010,2017-03-13 23:36:09:423,,,,,,,,,,,,,,,,,,,,,,,,,,,
-1.312,4.063,0.805,-2.191,-0.424,2.372,249510,2017-03-13 23:36:09:923,,,,,,,,,,,,,,,,,,,,,,,,,,,
5.098,4.687,4.612,3.014,-3.091,-3.941,250010,2017-03-13 23:36:10:423,,,,,,,,,,,,,,,,,,,,,,,,,,,
5.857,4.436,5.417,2.464,0.884,0.482,250510,2017-03-13 23:36:10:923,,,,,,,,,,,,,,,,,,,,,,,,,,,
2.49,1.014,4.571,-0.27,-3.758,-1.02,251013,2017-03-13 23:36:11:426,,,,,,,,,,,,,,,,,,,,,,,,,,,
4.781,5.153,6.998,0.931,1.852,-0.533,251510,2017-03-13 23:36:11:923,,,,,,,,,,,,,,,,,,,,,,,,,,,
3.35,4.508,12.202,1.627,0.735,0.981,252010,2017-03-13 23:36:12:423,,,,,,,,,,,,,,,,,,,,,,,,,,,
0.096,2.345,8.358,4.033,-3.795,6.835,252510,2017-03-13 23:36:12:923,,,,,,,,,,,,,,,,,,,,,,,,,,,
1.417,1.118,6.687,3.199,-3.484,2.52,253010,2017-03-13 23:36:13:423,,,,,,,,,,,,,,,,,,,,,,,,,,,
3.244,3.784,11.105,3.361,-0.109,3.914,253510,2017-03-13 23:36:13:923,,,,,,,,,,,,,,,,,,,,,,,,,,,
2.425,3.061,6.852,2.462,-3.325,0.178,254010,2017-03-13 23:36:14:423,,,,,,,,,,,,,,,,,,,,,,,,,,,
4.805,1.505,4.319,5.198,-3.735,5.082,254510,2017-03-13 23:36:14:923,,,,,,,,,,,,,,,,,,,,,,,,,,,
-0.47,3.577,8.279,0.966,-0.186,0.547,255011,2017-03-13 23:36:15:424,,,,,,,,,,,,,,,,,,,,,,,,,,,
2.514,-0.57,7.516,4.329,-0.923,5.15,255510,2017-03-13 23:36:15:923,,,,,,,,,,,,,,,,,,,,,,,,,,,
3.174,2.166,7.409,0.913,-2.104,-1.525,256010,2017-03-13 23:36:16:423,,,,,,,,,,,,,,,,,,,,,,,,,,,
0.681,3.874,9.822,-1.138,-0.369,2.215,256510,2017-03-13 23:36:16:923,,,,,,,,,,,,,,,,,,,,,,,,,,,
2.416,3.292,4.653,0.938,-2.411,-0.276,257010,2017-03-13 23:36:17:423,,,,,,,,,,,,,,,,,,,,,,,,,,,
5.215,0.594,8.341,1.711,1.02,-0.79,257511,2017-03-13 23:36:17:924,,,,,,,,,,,,,,,,,,,,,,,,,,,
2.466,2.614,5.214,0.171,-1.866,-0.486,258011,2017-03-13 23:36:18:424,,,,,,,,,,,,,,,,,,,,,,,,,,,
2.315,3.061,7.394,0.295,0.078,0.43,258511,2017-03-13 23:36:18:924,,,,,,,,,,,,,,,,,,,,,,,,,,,
8.117,-0.126,1.537,4.172,-3.367,4.702,259010,2017-03-13 23:36:19:423,,,,,,,,,,,,,,,,,,,,,,,,,,,
3.774,3.302,6.707,-3.358,-1.256,-2.975,259511,2017-03-13 23:36:19:924,,,,,,,,,,,,,,,,,,,,,,,,,,,
3.692,-0.095,7.262,3.712,-0.078,2.898,260010,2017-03-13 23:36:20:423,,,,,,,,,,,,,,,,,,,,,,,,,,,
3.647,2.407,4.279,-1.324,-1.322,-0.879,260510,2017-03-13 23:36:20:923,,,,,,,,,,,,,,,,,,,,,,,,,,,
5.962,-0.595,10.112,1.506,-0.225,2.551,261010,2017-03-13 23:36:21:423,,,,,,,,,,,,,,,,,,,,,,,,,,,
3.068,3.72,5.974,-0.13,-0.871,-0.158,261510,2017-03-13 23:36:21:923,,,,,,,,,,,,,,,,,,,,,,,,,,,
5.463,3.618,7.962,-0.941,0.898,-1.171,262010,2017-03-13 23:36:22:423,,,,,,,,,,,,,,,,,,,,,,,,,,,
2.003,2.051,8.784,-0.327,-0.563,-3.609,262510,2017-03-13 23:36:22:923,,,,,,,,,,,,,,,,,,,,,,,,,,,
2.101,4.666,8.313,-0.269,1.564,-0.042,263010,2017-03-13 23:36:23:423,,,,,,,,,,,,,,,,,,,,,,,,,,,
8.051,0.207,5.418,1.616,-1.663,3.753,263511,2017-03-13 23:36:23:924,,,,,,,,,,,,,,,,,,,,,,,,,,,
7.064,3.213,10.179,-0.476,0.503,-2.53,264010,2017-03-13 23:36:24:423,,,,,,,,,,,,,,,,,,,,,,,,,,,
4.227,0.038,7.25,6.425,0.77,2.07,264511,2017-03-13 23:36:24:924,,,,,,,,,,,,,,,,,,,,,,,,,,,
4.428,2.352,7.221,0.629,-0.141,-1.579,265010,2017-03-13 23:36:25:423,,,,,,,,,,,,,,,,,,,,,,,,,,,
4.843,4.14,9.16,-1.152,2.377,0.767,265510,2017-03-13 23:36:25:923,,,,,,,,,,,,,,,,,,,,,,,,,,,
5.593,2.038,5.564,-0.336,-0.762,-1.896,266010,2017-03-13 23:36:26:423,,,,,,,,,,,,,,,,,,,,,,,,,,,
6.363,3.579,4.94,0.685,1.244,0.144,266511,2017-03-13 23:36:26:924,,,,,,,,,,,,,,,,,,,,,,,,,,,
5.513,-0.455,8.902,2.351,-0.408,5.201,267010,2017-03-13 23:36:27:423,,,,,,,,,,,,,,,,,,,,,,,,,,,
5.372,4.498,6.867,-0.184,0.567,-1.857,267510,2017-03-13 23:36:27:923,,,,,,,,,,,,,,,,,,,,,,,,,,,
4.71,5.168,12.542,-0.041,1.715,0.987,268010,2017-03-13 23:36:28:423,,,,,,,,,,,,,,,,,,,,,,,,,,,
2.012,3.746,4.393,0.662,-1.813,-0.768,268511,2017-03-13 23:36:28:924,,,,,,,,,,,,,,,,,,,,,,,,,,,
5.568,4.633,7.726,-0.346,1.314,-0.848,269010,2017-03-13 23:36:29:423,,,,,,,,,,,,,,,,,,,,,,,,,,,
4.966,0.843,5.822,-1.059,-1.796,-0.127,269511,2017-03-13 23:36:29:924,,,,,,,,,,,,,,,,,,,,,,,,,,,
2.961,4.29,8.162,-0.823,-0.002,-1.443,270010,2017-03-13 23:36:30:423,,,,,,,,,,,,,,,,,,,,,,,,,,,
4.422,4.115,3.726,2.571,0.06,-1.176,270510,2017-03-13 23:36:30:923,,,,,,,,,,,,,,,,,,,,,,,,,,,
5.167,3.888,6.354,-0.36,0.715,0.893,271010,2017-03-13 23:36:31:423,,,,,,,,,,,,,,,,,,,,,,,,,,,
3.464,5.074,5.944,-0.52,1.528,-2.255,271510,2017-03-13 23:36:31:923,,,,,,,,,,,,,,,,,,,,,,,,,,,
4.052,4.976,5.628,0.112,0.809,-4.518,272012,2017-03-13 23:36:32:425,,,,,,,,,,,,,,,,,,,,,,,,,,,
4.611,5.704,4.397,1.865,0.86,-1.806,272510,2017-03-13 23:36:32:923,,,,,,,,,,,,,,,,,,,,,,,,,,,
3.507,4.383,5.47,1.201,0.504,-0.008,273011,2017-03-13 23:36:33:424,,,,,,,,,,,,,,,,,,,,,,,,,,,
3.938,4.923,7.872,-0.176,0.689,0.693,273510,2017-03-13 23:36:33:923,,,,,,,,,,,,,,,,,,,,,,,,,,,
2.681,6.86,11.086,3.894,1.959,2.538,274010,2017-03-13 23:36:34:423,,,,,,,,,,,,,,,,,,,,,,,,,,,
4.511,5.991,3.385,0.82,0.492,-1.051,274510,2017-03-13 23:36:34:923,,,,,,,,,,,,,,,,,,,,,,,,,,,
3.269,6.471,4.771,0.261,0.889,-1.298,275010,2017-03-13 23:36:35:423,,,,,,,,,,,,,,,,,,,,,,,,,,,
5.352,4.582,9.603,0.053,0.245,0.881,275511,2017-03-13 23:36:35:924,,,,,,,,,,,,,,,,,,,,,,,,,,,
1.411,6.807,8.237,-1.455,0.672,-0.66,276010,2017-03-13 23:36:36:423,,,,,,,,,,,,,,,,,,,,,,,,,,,
4.289,6.188,5.513,-0.335,3.264,3.096,276511,2017-03-13 23:36:36:924,,,,,,,,,,,,,,,,,,,,,,,,,,,
3.567,6.385,5.514,0.323,0.35,-0.533,277011,2017-03-13 23:36:37:424,,,,,,,,,,,,,,,,,,,,,,,,,,,
1.759,5.254,12.537,1.908,-0.357,9.346,277511,2017-03-13 23:36:37:924,,,,,,,,,,,,,,,,,,,,,,,,,,,
0.79,7.209,11.491,-1.952,-0.193,-2.09,278010,2017-03-13 23:36:38:423,,,,,,,,,,,,,,,,,,,,,,,,,,,
2.38,4.618,-0.054,-3.153,-2.769,-4.498,278510,2017-03-13 23:36:38:923,,,,,,,,,,,,,,,,,,,,,,,,,,,
2.749,6.741,2.277,0.268,-1.265,0.88,279010,2017-03-13 23:36:39:423,,,,,,,,,,,,,,,,,,,,,,,,,,,
1.484,5.029,5.286,0.268,-0.765,-0.697,279511,2017-03-13 23:36:39:924,,,,,,,,,,,,,,,,,,,,,,,,,,,
-0.171,6.217,5.101,-0.007,-1.295,-1.449,280011,2017-03-13 23:36:40:424,,,,,,,,,,,,,,,,,,,,,,,,,,,
3.029,8.184,15.461,3.864,3.583,-1.003,280510,2017-03-13 23:36:40:923,,,,,,,,,,,,,,,,,,,,,,,,,,,
2.318,7.292,5.658,0.472,1,-1.366,281010,2017-03-13 23:36:41:423,,,,,,,,,,,,,,,,,,,,,,,,,,,
1.965,6.202,10.555,1.487,-0.074,6.194,281510,2017-03-13 23:36:41:923,,,,,,,,,,,,,,,,,,,,,,,,,,,
4.683,5.437,8.06,0.803,-1.173,0.901,282010,2017-03-13 23:36:42:423,,,,,,,,,,,,,,,,,,,,,,,,,,,
-0.533,5.565,4.464,-3.43,-3.396,3.726,282511,2017-03-13 23:36:42:924,,,,,,,,,,,,,,,,,,,,,,,,,,,
4.027,4.924,6.439,3.469,3.093,12.539,283010,2017-03-13 23:36:43:423,,,,,,,,,,,,,,,,,,,,,,,,,,,
3.166,7.377,6.758,0.903,1.114,-1.258,283510,2017-03-13 23:36:43:923,,,,,,,,,,,,,,,,,,,,,,,,,,,
8.799,2.186,3.326,7.418,-3.397,-3.963,284010,2017-03-13 23:36:44:423,,,,,,,,,,,,,,,,,,,,,,,,,,,
0.233,4.828,10.86,-4.149,-0.472,4.737,284510,2017-03-13 23:36:44:923,,,,,,,,,,,,,,,,,,,,,,,,,,,
4.505,6.146,1.573,-3.338,1.241,2.61,285010,2017-03-13 23:36:45:423,,,,,,,,,,,,,,,,,,,,,,,,,,,
4.551,3.155,4.874,1.196,1.719,-1.783,285510,2017-03-13 23:36:45:923,,,,,,,,,,,,,,,,,,,,,,,,,,,
2.233,4.134,7.315,0.902,1.898,-1.714,286010,2017-03-13 23:36:46:423,,,,,,,,,,,,,,,,,,,,,,,,,,,
2.947,4.048,2.852,0.878,-2.774,-1.833,286511,2017-03-13 23:36:46:924,,,,,,,,,,,,,,,,,,,,,,,,,,,
6.935,9.7,6.388,-0.198,-0.692,-3.934,287010,2017-03-13 23:36:47:423,,,,,,,,,,,,,,,,,,,,,,,,,,,
8.023,12.311,13.694,1.242,-6.149,-7.448,287511,2017-03-13 23:36:47:924,,,,,,,,,,,,,,,,,,,,,,,,,,,
-0.367,7.261,1.518,-1.383,-1.04,0.454,288010,2017-03-13 23:36:48:423,,,,,,,,,,,,,,,,,,,,,,,,,,,
1.541,10.631,13.506,-2.288,1.977,-3.19,288511,2017-03-13 23:36:48:924,,,,,,,,,,,,,,,,,,,,,,,,,,,
4.396,4.736,3.618,-0.291,0.733,-1.309,289010,2017-03-13 23:36:49:423,,,,,,,,,,,,,,,,,,,,,,,,,,,
1.23,6.021,2.322,3.309,1.625,1.183,289510,2017-03-13 23:36:49:923,,,,,,,,,,,,,,,,,,,,,,,,,,,
-0.246,7.825,23.471,0.962,-3.767,-4.684,290011,2017-03-13 23:36:50:424,,,,,,,,,,,,,,,,,,,,,,,,,,,
5.035,2.414,1.465,0.791,-5.023,5.328,290511,2017-03-13 23:36:50:924,,,,,,,,,,,,,,,,,,,,,,,,,,,
4.104,4.911,11.605,-0.731,1.807,3.163,291010,2017-03-13 23:36:51:423,,,,,,,,,,,,,,,,,,,,,,,,,,,
0.984,4.629,6.946,-4.011,0.334,0.089,291510,2017-03-13 23:36:51:923,,,,,,,,,,,,,,,,,,,,,,,,,,,
2.82,4.44,8.759,-0.31,-0.514,-1.334,292010,2017-03-13 23:36:52:423,,,,,,,,,,,,,,,,,,,,,,,,,,,
1.796,5.336,5.184,1.545,-0.379,0.96,292510,2017-03-13 23:36:52:923,,,,,,,,,,,,,,,,,,,,,,,,,,,
-0.593,2.48,8.326,-1.771,0.033,-2.142,293010,2017-03-13 23:36:53:423,,,,,,,,,,,,,,,,,,,,,,,,,,,
2.538,2.927,3.471,1.519,-1.421,1.924,293510,2017-03-13 23:36:53:923,,,,,,,,,,,,,,,,,,,,,,,,,,,
4.549,6.579,6.63,0.184,2.334,-0.699,294011,2017-03-13 23:36:54:424,,,,,,,,,,,,,,,,,,,,,,,,,,,
3.819,5.372,5.655,-0.937,-1.626,-0.273,294510,2017-03-13 23:36:54:923,,,,,,,,,,,,,,,,,,,,,,,,,,,
2.091,2.882,6.416,3.456,-1.083,5.296,295010,2017-03-13 23:36:55:423,,,,,,,,,,,,,,,,,,,,,,,,,,,
8.83,7.125,8.118,1.329,2.418,0.352,295510,2017-03-13 23:36:55:923,,,,,,,,,,,,,,,,,,,,,,,,,,,
1.328,3.759,6.252,-1.127,-2.583,-1.132,296011,2017-03-13 23:36:56:424,,,,,,,,,,,,,,,,,,,,,,,,,,,
2.588,5.915,7.145,-0.605,0.936,-1.746,296510,2017-03-13 23:36:56:923,,,,,,,,,,,,,,,,,,,,,,,,,,,
5.773,1.986,3.407,3.966,-2.466,-1.901,297010,2017-03-13 23:36:57:423,,,,,,,,,,,,,,,,,,,,,,,,,,,
3.991,4.882,6.982,-0.785,0.662,-0.276,297511,2017-03-13 23:36:57:924,,,,,,,,,,,,,,,,,,,,,,,,,,,
6.89,6.575,9.002,2.819,1.204,-1.408,298010,2017-03-13 23:36:58:423,,,,,,,,,,,,,,,,,,,,,,,,,,,
3.82,3.571,5.567,-2.967,-1.784,-1.63,298510,2017-03-13 23:36:58:923,,,,,,,,,,,,,,,,,,,,,,,,,,,
2.248,6.893,10.039,-0.878,1.419,0.545,299010,2017-03-13 23:36:59:423,,,,,,,,,,,,,,,,,,,,,,,,,,,
5.211,3.525,6.568,0.563,-0.432,0.134,299510,2017-03-13 23:36:59:923,,,,,,,,,,,,,,,,,,,,,,,,,,,
5.476,5.23,6.388,-1.275,0.21,-1.985,300010,2017-03-13 23:37:00:423,,,,,,,,,,,,,,,,,,,,,,,,,,,
1.876,2.461,6.977,1.372,-2.872,-2.017,300510,2017-03-13 23:37:00:923,,,,,,,,,,,,,,,,,,,,,,,,,,,
2.799,4.905,4.192,0.776,-0.159,-1.826,301010,2017-03-13 23:37:01:423,,,,,,,,,,,,,,,,,,,,,,,,,,,
10.503,0.832,3.375,0.854,-3.468,-2.254,301511,2017-03-13 23:37:01:924,,,,,,,,,,,,,,,,,,,,,,,,,,,
2.806,4.524,4.905,-0.141,1.427,-1.178,302010,2017-03-13 23:37:02:423,,,,,,,,,,,,,,,,,,,,,,,,,,,
9.387,5.904,10.684,1.226,2.66,-0.329,302510,2017-03-13 23:37:02:923,,,,,,,,,,,,,,,,,,,,,,,,,,,
0.766,3.724,3.43,-1.748,-2.89,-3.141,303010,2017-03-13 23:37:03:423,,,,,,,,,,,,,,,,,,,,,,,,,,,
3.659,6.266,6.187,-1.607,1.254,-0.956,303510,2017-03-13 23:37:03:923,,,,,,,,,,,,,,,,,,,,,,,,,,,
4.438,-0.009,3.542,7.872,-2.861,12.33,304010,2017-03-13 23:37:04:423,,,,,,,,,,,,,,,,,,,,,,,,,,,
3.275,5.752,5.16,-1.171,1.181,0.523,304510,2017-03-13 23:37:04:923,,,,,,,,,,,,,,,,,,,,,,,,,,,
4.288,1.764,4.594,1.175,-1.951,4.365,305010,2017-03-13 23:37:05:423,,,,,,,,,,,,,,,,,,,,,,,,,,,
3.57,3.192,7.017,-0.831,-0.414,0.526,305510,2017-03-13 23:37:05:923,,,,,,,,,,,,,,,,,,,,,,,,,,,
5.988,-1.19,1.769,0.529,2.837,8.197,306010,2017-03-13 23:37:06:423,,,,,,,,,,,,,,,,,,,,,,,,,,,
3.759,5.946,3.01,-1.389,-0.638,-0.869,306510,2017-03-13 23:37:06:923,,,,,,,,,,,,,,,,,,,,,,,,,,,
5.341,6.763,8.042,-1.78,1.722,2.268,307010,2017-03-13 23:37:07:423,,,,,,,,,,,,,,,,,,,,,,,,,,,
4.031,2.822,4.991,5.163,-1.305,2.882,307511,2017-03-13 23:37:07:924,,,,,,,,,,,,,,,,,,,,,,,,,,,
2.221,3.724,4.539,-1.451,-0.25,-0.727,308011,2017-03-13 23:37:08:424,,,,,,,,,,,,,,,,,,,,,,,,,,,
5.992,-0.004,9.388,1.445,0.85,6.277,308510,2017-03-13 23:37:08:923,,,,,,,,,,,,,,,,,,,,,,,,,,,
3.167,3.336,4.11,0.322,-1.262,-2.408,309011,2017-03-13 23:37:09:424,,,,,,,,,,,,,,,,,,,,,,,,,,,
5.264,4.807,6.846,-0.56,1.59,0.308,309510,2017-03-13 23:37:09:923,,,,,,,,,,,,,,,,,,,,,,,,,,,
4.664,2.731,4.139,0.869,-1.721,5.469,310010,2017-03-13 23:37:10:423,,,,,,,,,,,,,,,,,,,,,,,,,,,
2.805,5.959,5.501,0.621,0.784,0.485,310510,2017-03-13 23:37:10:923,,,,,,,,,,,,,,,,,,,,,,,,,,,
4.736,1.504,4.05,-2.356,0.875,5.886,311010,2017-03-13 23:37:11:423,,,,,,,,,,,,,,,,,,,,,,,,,,,
2.409,4.797,7.158,-1.76,0.27,0.386,311511,2017-03-13 23:37:11:924,,,,,,,,,,,,,,,,,,,,,,,,,,,
1.748,5.208,6.149,-0.537,0.672,-1.29,312010,2017-03-13 23:37:12:423,,,,,,,,,,,,,,,,,,,,,,,,,,,
2.685,4.897,6.329,-0.811,0.688,-2.01,312510,2017-03-13 23:37:12:923,,,,,,,,,,,,,,,,,,,,,,,,,,,
3.489,5.911,4.568,1.769,0.164,-3.464,313010,2017-03-13 23:37:13:423,,,,,,,,,,,,,,,,,,,,,,,,,,,
3.873,5.614,6.103,1.568,1.417,-2.182,313510,2017-03-13 23:37:13:923,,,,,,,,,,,,,,,,,,,,,,,,,,,
3.686,5.098,5.198,0.884,0.466,-0.168,314010,2017-03-13 23:37:14:423,,,,,,,,,,,,,,,,,,,,,,,,,,,
2.083,4.498,4.6,-1.232,0.395,-0.737,314511,2017-03-13 23:37:14:924,,,,,,,,,,,,,,,,,,,,,,,,,,,
1.18,6.409,2.758,1.967,0.593,3.069,315010,2017-03-13 23:37:15:423,,,,,,,,,,,,,,,,,,,,,,,,,,,
3.117,5.385,6.949,-0.562,0.725,-1.256,315511,2017-03-13 23:37:15:924,,,,,,,,,,,,,,,,,,,,,,,,,,,
1.849,5.082,5.119,0.82,0.327,1.044,316010,2017-03-13 23:37:16:423,,,,,,,,,,,,,,,,,,,,,,,,,,,
2.058,6.934,-2.522,-0.246,-2.209,-2.81,316510,2017-03-13 23:37:16:923,,,,,,,,,,,,,,,,,,,,,,,,,,,
2.604,7.961,4.029,0.156,0.044,-2.194,317011,2017-03-13 23:37:17:424,,,,,,,,,,,,,,,,,,,,,,,,,,,
3.835,5.68,-5.045,1.368,-3.563,-1.209,317510,2017-03-13 23:37:17:923,,,,,,,,,,,,,,,,,,,,,,,,,,,
3.301,5.259,7.175,-0.353,-0.956,0.278,318011,2017-03-13 23:37:18:424,,,,,,,,,,,,,,,,,,,,,,,,,,,
1.642,8.827,4.21,-0.331,-2.167,-4.375,318510,2017-03-13 23:37:18:923,,,,,,,,,,,,,,,,,,,,,,,,,,,
0.772,9.24,1.229,-1.286,-2.397,-0.641,319010,2017-03-13 23:37:19:423,,,,,,,,,,,,,,,,,,,,,,,,,,,
2.346,9.966,-1.709,1.089,-2.004,-3.237,319511,2017-03-13 23:37:19:924,,,,,,,,,,,,,,,,,,,,,,,,,,,
1.435,4.813,4.527,2.104,0.034,1.573,320011,2017-03-13 23:37:20:424,,,,,,,,,,,,,,,,,,,,,,,,,,,
1.968,6.995,4.159,-1.054,-2.443,2.915,320510,2017-03-13 23:37:20:923,,,,,,,,,,,,,,,,,,,,,,,,,,,
4.105,6.221,18.233,-3.193,3.936,-2.901,321010,2017-03-13 23:37:21:423,,,,,,,,,,,,,,,,,,,,,,,,,,,
8.72,5.004,4.977,5.275,-1.745,2.714,321510,2017-03-13 23:37:21:923,,,,,,,,,,,,,,,,,,,,,,,,,,,
-1.69,4.508,6.099,0.868,2.028,8.351,322010,2017-03-13 23:37:22:423,,,,,,,,,,,,,,,,,,,,,,,,,,,
2.389,6.798,6.263,-3.109,0.374,2.89,322510,2017-03-13 23:37:22:923,,,,,,,,,,,,,,,,,,,,,,,,,,,
1.998,6.605,4.642,0.049,0.278,-0.872,323010,2017-03-13 23:37:23:423,,,,,,,,,,,,,,,,,,,,,,,,,,,
-3.812,4.31,-9.056,-1.396,-5.338,-2.019,323511,2017-03-13 23:37:23:924,,,,,,,,,,,,,,,,,,,,,,,,,,,
2.73,4.469,5.838,2.814,2.293,0.391,324011,2017-03-13 23:37:24:424,,,,,,,,,,,,,,,,,,,,,,,,,,,
1.674,8.267,7.925,5.473,0.099,-1.814,324511,2017-03-13 23:37:24:924,,,,,,,,,,,,,,,,,,,,,,,,,,,
8.77,7.23,0.657,3.174,0.016,2.767,325011,2017-03-13 23:37:25:424,,,,,,,,,,,,,,,,,,,,,,,,,,,
6.054,9.228,2.651,3.011,1.632,6.327,325510,2017-03-13 23:37:25:923,,,,,,,,,,,,,,,,,,,,,,,,,,,
1.591,5.473,1.882,-3.634,-0.704,0.226,326011,2017-03-13 23:37:26:424,,,,,,,,,,,,,,,,,,,,,,,,,,,
6.626,6.408,6.361,-1.621,-0.447,-2.867,326510,2017-03-13 23:37:26:923,,,,,,,,,,,,,,,,,,,,,,,,,,,
1.858,6.32,5.868,-2.951,-0.051,4.15,327010,2017-03-13 23:37:27:423,,,,,,,,,,,,,,,,,,,,,,,,,,,
-7.418,6.116,-5.416,5.177,-6.611,-3.126,327510,2017-03-13 23:37:27:923,,,,,,,,,,,,,,,,,,,,,,,,,,,
-2.722,3.839,6.939,-6.157,-6.652,-3.556,328011,2017-03-13 23:37:28:424,,,,,,,,,,,,,,,,,,,,,,,,,,,
4.637,6.672,10.242,-0.772,-1.554,-7.342,328510,2017-03-13 23:37:28:923,,,,,,,,,,,,,,,,,,,,,,,,,,,
5.746,3.827,18.632,-4.987,-0.472,-0.072,329010,2017-03-13 23:37:29:423,,,,,,,,,,,,,,,,,,,,,,,,,,,
6.75,6.869,-0.342,2.217,1.144,1.859,329511,2017-03-13 23:37:29:924,,,,,,,,,,,,,,,,,,,,,,,,,,,
6.253,4.949,5.149,0.798,1.079,0.126,330010,2017-03-13 23:37:30:423,,,,,,,,,,,,,,,,,,,,,,,,,,,
6.655,4.693,6.419,0.007,-0.003,-1.804,330511,2017-03-13 23:37:30:924,,,,,,,,,,,,,,,,,,,,,,,,,,,
5.185,2.788,7.773,3.28,0.424,-1.733,331010,2017-03-13 23:37:31:423,,,,,,,,,,,,,,,,,,,,,,,,,,,
3.136,4.075,10.129,0.9,2.247,0.09,331510,2017-03-13 23:37:31:923,,,,,,,,,,,,,,,,,,,,,,,,,,,
3.044,3.63,6.849,1.81,-1.008,0.538,332010,2017-03-13 23:37:32:423,,,,,,,,,,,,,,,,,,,,,,,,,,,
6.428,-3.325,1.244,3.735,-3.866,-3.241,332510,2017-03-13 23:37:32:923,,,,,,,,,,,,,,,,,,,,,,,,,,,
3.095,3.996,6.537,-0.406,0.387,-3.108,333010,2017-03-13 23:37:33:423,,,,,,,,,,,,,,,,,,,,,,,,,,,
3.597,2.744,3.647,4.695,-1.09,2.081,333510,2017-03-13 23:37:33:923,,,,,,,,,,,,,,,,,,,,,,,,,,,
5.339,5.468,6.078,0.419,-1.139,-1.552,334010,2017-03-13 23:37:34:423,,,,,,,,,,,,,,,,,,,,,,,,,,,
8.062,4.079,4.629,0.448,2.972,6.626,334510,2017-03-13 23:37:34:923,,,,,,,,,,,,,,,,,,,,,,,,,,,
3.586,3.805,6.597,0.406,-0.553,-2.823,335011,2017-03-13 23:37:35:424,,,,,,,,,,,,,,,,,,,,,,,,,,,
4.338,4.885,5.816,0.262,0.66,0.812,335510,2017-03-13 23:37:35:923,,,,,,,,,,,,,,,,,,,,,,,,,,,
7.304,3.333,15.533,0.011,-0.479,-2.519,336011,2017-03-13 23:37:36:424,,,,,,,,,,,,,,,,,,,,,,,,,,,
0.607,1.35,5.171,-0.855,0.566,1.831,336510,2017-03-13 23:37:36:923,,,,,,,,,,,,,,,,,,,,,,,,,,,
-0.135,5.005,7.157,-0.757,0.658,-1.127,337010,2017-03-13 23:37:37:423,,,,,,,,,,,,,,,,,,,,,,,,,,,
6.428,0.298,7.891,6.994,-2.774,-2.381,337510,2017-03-13 23:37:37:923,,,,,,,,,,,,,,,,,,,,,,,,,,,
4.471,3.073,7.503,-0.695,0.48,-2.163,338011,2017-03-13 23:37:38:424,,,,,,,,,,,,,,,,,,,,,,,,,,,
6.017,2.981,9.663,2.997,0.07,-0.945,338511,2017-03-13 23:37:38:924,,,,,,,,,,,,,,,,,,,,,,,,,,,
4.03,2.18,6.469,-0.438,-1.097,-4.938,339010,2017-03-13 23:37:39:423,,,,,,,,,,,,,,,,,,,,,,,,,,,
3.282,5.117,5.929,-1.582,0.197,-1.386,339510,2017-03-13 23:37:39:923,,,,,,,,,,,,,,,,,,,,,,,,,,,
11.383,0.966,-1.219,-4.65,-0.927,-3.541,340010,2017-03-13 23:37:40:423,,,,,,,,,,,,,,,,,,,,,,,,,,,
4.987,4.978,7.242,-1.162,3.227,-3.257,340510,2017-03-13 23:37:40:923,,,,,,,,,,,,,,,,,,,,,,,,,,,
2.115,2.467,6.873,-1.53,-3.291,0.894,341010,2017-03-13 23:37:41:423,,,,,,,,,,,,,,,,,,,,,,,,,,,
5.688,5.228,3.708,-1.206,-0.4,1.377,341511,2017-03-13 23:37:41:924,,,,,,,,,,,,,,,,,,,,,,,,,,,
10.83,0.295,10.714,1.919,3.866,10.156,342010,2017-03-13 23:37:42:423,,,,,,,,,,,,,,,,,,,,,,,,,,,
6.187,3.35,5.731,0.809,-0.409,1.874,342510,2017-03-13 23:37:42:923,,,,,,,,,,,,,,,,,,,,,,,,,,,
14.9,5.168,11.694,-1.114,2.086,-0.265,343010,2017-03-13 23:37:43:423,,,,,,,,,,,,,,,,,,,,,,,,,,,
4.189,6.075,2.109,-0.391,-1.969,0.169,343510,2017-03-13 23:37:43:923,,,,,,,,,,,,,,,,,,,,,,,,,,,
13.122,4.184,2.676,-3.15,-2.73,-2.798,344010,2017-03-13 23:37:44:423,,,,,,,,,,,,,,,,,,,,,,,,,,,
4.472,5.559,5.758,-1.652,1.073,-0.266,344510,2017-03-13 23:37:44:923,,,,,,,,,,,,,,,,,,,,,,,,,,,
5.526,4.859,3.49,2.902,1.725,3.022,345010,2017-03-13 23:37:45:423,,,,,,,,,,,,,,,,,,,,,,,,,,,
3.253,7.862,5.198,-1.091,-0.913,-0.297,345510,2017-03-13 23:37:45:923,,,,,,,,,,,,,,,,,,,,,,,,,,,
1.731,8.704,4.991,-2.139,5.378,0.42,346011,2017-03-13 23:37:46:424,,,,,,,,,,,,,,,,,,,,,,,,,,,
4.806,5.218,5.172,0.146,-0.291,-2.122,346510,2017-03-13 23:37:46:923,,,,,,,,,,,,,,,,,,,,,,,,,,,
6.807,4.826,10.541,-0.523,2.852,1.18,347010,2017-03-13 23:37:47:423,,,,,,,,,,,,,,,,,,,,,,,,,,,
2.543,5.348,5.879,-2.023,-1.555,-2.333,347510,2017-03-13 23:37:47:923,,,,,,,,,,,,,,,,,,,,,,,,,,,
1.307,5.982,4.124,-1.788,0.375,-1.654,348011,2017-03-13 23:37:48:424,,,,,,,,,,,,,,,,,,,,,,,,,,,
4.636,4.455,2.96,1.57,-0.921,-2.287,348510,2017-03-13 23:37:48:923,,,,,,,,,,,,,,,,,,,,,,,,,,,
6.278,5.394,0.195,0.454,-1.544,-1.368,349010,2017-03-13 23:37:49:423,,,,,,,,,,,,,,,,,,,,,,,,,,,
1.856,7.349,4.441,0.776,3.574,9.696,349511,2017-03-13 23:37:49:924,,,,,,,,,,,,,,,,,,,,,,,,,,,
-1.232,7.654,6.13,-2.147,1.998,-1.784,350010,2017-03-13 23:37:50:423,,,,,,,,,,,,,,,,,,,,,,,,,,,
4.328,5.169,4.744,2.884,-0.374,-4.45,350510,2017-03-13 23:37:50:923,,,,,,,,,,,,,,,,,,,,,,,,,,,
3.041,8.002,5.264,1.397,1.521,-1.022,351010,2017-03-13 23:37:51:423,,,,,,,,,,,,,,,,,,,,,,,,,,,
4.617,6.483,4.209,2.539,-0.28,-0.41,351510,2017-03-13 23:37:51:923,,,,,,,,,,,,,,,,,,,,,,,,,,,
0.403,10.213,8.777,-0.63,1.349,-3.112,352010,2017-03-13 23:37:52:423,,,,,,,,,,,,,,,,,,,,,,,,,,,
1.146,7.603,3.989,0.839,0.159,-2.125,352510,2017-03-13 23:37:52:923,,,,,,,,,,,,,,,,,,,,,,,,,,,
2.057,6.75,3.703,0.777,2.085,-1.715,353010,2017-03-13 23:37:53:423,,,,,,,,,,,,,,,,,,,,,,,,,,,
1.735,8.104,5.891,3.403,3.484,4.142,353511,2017-03-13 23:37:53:924,,,,,,,,,,,,,,,,,,,,,,,,,,,
0.436,8.71,9.436,-0.777,0.231,-0.719,354010,2017-03-13 23:37:54:423,,,,,,,,,,,,,,,,,,,,,,,,,,,
4.47,6.727,5.674,-0.096,0.081,-2.211,354510,2017-03-13 23:37:54:923,,,,,,,,,,,,,,,,,,,,,,,,,,,
3.921,8.456,3.503,3.207,1.941,2.302,355010,2017-03-13 23:37:55:423,,,,,,,,,,,,,,,,,,,,,,,,,,,
0.67,5.416,1.634,-3.244,-1.253,3.467,355510,2017-03-13 23:37:55:923,,,,,,,,,,,,,,,,,,,,,,,,,,,
3.312,4.696,0.843,-0.161,-2.129,-2.118,356010,2017-03-13 23:37:56:423,,,,,,,,,,,,,,,,,,,,,,,,,,,
2.922,7.112,6.115,-0.169,2.462,3.059,356511,2017-03-13 23:37:56:924,,,,,,,,,,,,,,,,,,,,,,,,,,,
2.388,6.616,3.255,0.725,-0.669,-0.974,357010,2017-03-13 23:37:57:423,,,,,,,,,,,,,,,,,,,,,,,,,,,
3.984,7.452,7.036,-1.607,3.175,-0.549,357511,2017-03-13 23:37:57:924,,,,,,,,,,,,,,,,,,,,,,,,,,,
-6.574,4.099,9.172,-3.927,-0.574,-5.344,358010,2017-03-13 23:37:58:423,,,,,,,,,,,,,,,,,,,,,,,,,,,
4.143,8.105,2.85,7.514,2.946,6.027,358510,2017-03-13 23:37:58:923,,,,,,,,,,,,,,,,,,,,,,,,,,,
3.512,8.548,-2.438,1.429,-1.977,-2.296,359010,2017-03-13 23:37:59:423,,,,,,,,,,,,,,,,,,,,,,,,,,,
1.17,7.569,7.044,-1.109,2.006,2.184,359510,2017-03-13 23:37:59:923,,,,,,,,,,,,,,,,,,,,,,,,,,,
2.04,6.546,6.232,-1.775,-0.35,2.393,360010,2017-03-13 23:38:00:423,,,,,,,,,,,,,,,,,,,,,,,,,,,
-0.813,5.419,4.234,-4.238,-1.989,-0.175,360510,2017-03-13 23:38:00:923,,,,,,,,,,,,,,,,,,,,,,,,,,,
3.695,7.239,-0.726,3.991,-0.714,-1.426,361010,2017-03-13 23:38:01:423,,,,,,,,,,,,,,,,,,,,,,,,,,,
1.902,4.636,1.848,0.529,0.72,-0.992,361510,2017-03-13 23:38:01:923,,,,,,,,,,,,,,,,,,,,,,,,,,,
2.572,6.217,5.094,-0.235,-1.371,8.833,362011,2017-03-13 23:38:02:424,,,,,,,,,,,,,,,,,,,,,,,,,,,
2.965,5.868,14.006,-0.702,3.072,3.958,362510,2017-03-13 23:38:02:923,,,,,,,,,,,,,,,,,,,,,,,,,,,
1.095,6.386,5.354,-0.944,-0.553,0.999,363010,2017-03-13 23:38:03:423,,,,,,,,,,,,,,,,,,,,,,,,,,,
11.532,10.783,16.602,-4.598,-1.916,-5.226,363511,2017-03-13 23:38:03:924,,,,,,,,,,,,,,,,,,,,,,,,,,,
0.841,8.686,3.782,-3.099,0.204,-0.964,364010,2017-03-13 23:38:04:423,,,,,,,,,,,,,,,,,,,,,,,,,,,
6.61,5.764,12.396,-5.555,1.686,-3.829,364510,2017-03-13 23:38:04:923,,,,,,,,,,,,,,,,,,,,,,,,,,,
0.269,5.194,2.266,-3.804,-0.902,0.794,365010,2017-03-13 23:38:05:423,,,,,,,,,,,,,,,,,,,,,,,,,,,
5.085,2.404,4.847,2.911,1.017,7.536,365510,2017-03-13 23:38:05:923,,,,,,,,,,,,,,,,,,,,,,,,,,,
8.018,5.066,13.993,-5.832,-1.506,-4.961,366010,2017-03-13 23:38:06:423,,,,,,,,,,,,,,,,,,,,,,,,,,,
4.456,4.919,8.654,-1.562,-1.681,3.701,366511,2017-03-13 23:38:06:924,,,,,,,,,,,,,,,,,,,,,,,,,,,
15.171,6.435,10.879,-11.224,-1.982,-7.269,367010,2017-03-13 23:38:07:423,,,,,,,,,,,,,,,,,,,,,,,,,,,
2.347,0.77,5.862,-1.628,-2.154,6.427,367510,2017-03-13 23:38:07:923,,,,,,,,,,,,,,,,,,,,,,,,,,,
-1.122,4.224,7.573,1.49,-0.333,3.44,368010,2017-03-13 23:38:08:423,,,,,,,,,,,,,,,,,,,,,,,,,,,
-0.971,5.61,6.931,-0.344,0.598,-1.147,368510,2017-03-13 23:38:08:923,,,,,,,,,,,,,,,,,,,,,,,,,,,
-2.287,3.706,6.117,-1.426,-0.834,-1.364,369010,2017-03-13 23:38:09:423,,,,,,,,,,,,,,,,,,,,,,,,,,,
-1.779,3.587,10.557,-0.64,1.062,1.598,369510,2017-03-13 23:38:09:923,,,,,,,,,,,,,,,,,,,,,,,,,,,
-1.156,3.808,9.234,-0.694,-0.935,-2.575,370010,2017-03-13 23:38:10:423,,,,,,,,,,,,,,,,,,,,,,,,,,,
-1.894,3.874,9.794,-0.587,-0.883,-0.281,370510,2017-03-13 23:38:10:923,,,,,,,,,,,,,,,,,,,,,,,,,,,
-1.584,4.603,8.204,-0.309,-0.331,1.209,371010,2017-03-13 23:38:11:423,,,,,,,,,,,,,,,,,,,,,,,,,,,
-2.417,5.034,5.764,-0.888,-0.111,-0.759,371510,2017-03-13 23:38:11:923,,,,,,,,,,,,,,,,,,,,,,,,,,,
-3.974,2.489,5.548,0.728,-1.085,0.189,372011,2017-03-13 23:38:12:424,,,,,,,,,,,,,,,,,,,,,,,,,,,
